account_id,mule_score
0,0.0030079449174349234
1,0.006649033426767816
2,0.043959666194300806
3,0.002077072393868878
4,0.0006044921310946383
5,0.04395187481295047
6,0.0009121347109823984
7,0.054579317706490826
8,0.020438955112456345
9,0.002738307261252233
10,0.0002743503307914719
11,0.9309182064206534
12,0.0007847867512294526
13,0.004247231895900427
14,0.7185135963077254
15,0.0008657356857265511
16,0.0004035513288854594
17,0.00030268802311688055
18,0.0030484586547275014
19,0.020580483804162292
20,0.001048881071625649
21,0.00019145126483356462
22,0.03986966892452536
23,0.00027938195994128677
24,0.00508843208362678
25,0.0002604798690742184
26,0.048856702436851064
27,0.00038434262055163
28,0.0007048671439246083
29,0.00043105593709960783
30,0.00859598864921828
31,0.0005269781549918281
32,0.002416671704025233
33,0.0003092488422371179
34,0.0007402747332186982
35,0.0003486867842432186
36,0.004796319573975351
37,0.007587051878100505
38,0.9022879603422305
39,0.0013808293758179474
40,0.031897564846347815
41,0.0010921106079332399
42,0.0014538311710131783
43,0.005403845468089292
44,0.004180030852580698
45,0.0011042848295523054
46,0.000323341455340041
47,0.0017778894298624015
48,0.000549006056546499
49,0.0028949092318541346
50,0.0011467895149352037
51,0.00044351535778675347
52,0.002022564662724606
53,0.0018282353347048052
54,0.040923546384502615
55,0.000528962682071629
56,0.0008276107834067301
57,0.0056439722202303024
58,0.16509081551615043
59,0.001113445137252398
60,0.0018179843569132445
61,0.0008576825199490108
62,0.0012283916564268156
63,0.00027827192216012985
64,0.0010337636373234618
65,0.23475749875532573
66,0.0015386979620480054
67,0.006892056413148817
68,0.002505644912492919
69,0.0003511728092303731
70,0.012291958662544926
71,0.0065370072638262534
72,0.00042178505288946466
73,0.0003488213239625955
74,0.014475162870521058
75,0.027515815753293014
76,0.00751558103420895
77,0.0035022780552338736
78,0.006122627940868201
79,0.00023771802539987078
80,0.006933671958250618
81,0.0028369607027196497
82,0.0003582169455952212
83,0.002358400528506856
84,0.0008809069608276605
85,0.003599084339049681
86,0.009995023554148795
87,0.012238725964916552
88,0.0026262746186495258
89,0.0001518891345291439
90,0.013195225025864102
91,0.0018079090303936777
92,0.0017286610282788504
93,0.00025992456611371046
94,0.0005609531009778536
95,0.0013997077421616115
96,8.815856762847782e-05
97,0.0001317766986384558
98,0.00014661097258552924
99,0.0012808750315393667
100,0.007023529491252285
101,0.14472951518609095
102,0.015160179703458426
103,0.0013128751157296652
104,0.01796606210981754
105,0.0005374419599361598
106,0.015217639876635804
107,0.0013053668471364008
108,0.0015136825286484452
109,0.15458686582828998
110,0.016126607371911128
111,0.007121072835218155
112,0.0022102961671980623
113,0.0009207406038012436
114,0.007217458346040304
115,0.015836308402391436
116,0.016085196891307038
117,0.00039140756053114903
118,0.5037865747460163
119,0.0008095678103161392
120,0.006901718226676419
121,0.0010213748776069518
122,0.0002668247348227505
123,0.01909680440320455
124,0.005324504123254216
125,0.00036794180305828577
126,0.0011501458268036193
127,0.3118676793009537
128,0.002490902100114569
129,0.005311448874826444
130,0.005867182832098088
131,0.0028970713329028487
132,0.0030587410796017126
133,2.0219000751814606
134,0.00043307680432535595
135,0.0008205584559789541
136,0.16453025904804022
137,0.012275711104950992
138,0.00028258560690398884
139,0.0010351016732735635
140,0.000696077954059774
141,0.00020809408294298574
142,0.0004059100752928259
143,0.0012496409886759519
144,0.005726580769608838
145,0.0372671427437232
146,0.0018898664268593038
147,0.0019461721756155925
148,0.0004149211456757456
149,0.02578211349553571
150,0.0031658081966709803
151,0.0011121085218739714
152,0.0015863376353220848
153,0.0026531694487695696
154,0.0007452516054950677
155,0.02058526617330109
156,0.0012358783347532873
157,0.0946308321318797
158,0.047003512406252994
159,0.00033986357894705505
160,0.0009107113772491518
161,0.007451184229215717
162,0.002888697316083949
163,0.01331799563211086
164,0.009778707196029423
165,0.032485976839085
166,0.0003551255789272044
167,0.0023536318614513036
168,0.0005263703885878861
169,0.0011793132475307806
170,0.0022873561561997757
171,1.69799745152049
172,0.0010631773234863597
173,0.012525264101238625
174,0.0030758650240148883
175,0.00011292805822028963
176,0.0014455277528301798
177,0.0003562441266088627
178,0.002138705537458137
179,0.0007100091453028426
180,0.001564321473941165
181,0.0003771610138263986
182,0.004683146327315794
183,0.016528869554159394
184,0.0035624653006701523
185,0.001368650915885365
186,0.0013944194229073205
187,0.24313914074930257
188,0.0004058214380214757
189,0.00012995282424893082
190,0.029561963751128715
191,0.007681581280967455
192,0.0004985287732922496
193,0.0020986971879484216
194,0.009269972488072235
195,0.0015117424183618516
196,0.00037323588526469784
197,0.0546379761351101
198,0.006393051128251285
199,0.0003078575584289742
200,0.0029820742316547023
201,0.0015146915005316674
202,0.0002515433603739869
203,0.0666292579867923
204,0.00038324232448351243
205,0.004421552883882773
206,1.2018458492151427
207,0.0003217200135389512
208,0.000665867850004939
209,0.0007808005273124016
210,0.0031139954443329685
211,0.004690494732830812
212,0.0005605886215568836
213,0.0006537698912212047
214,0.000846660053486992
215,0.0018288752906066494
216,0.003909772442812685
217,0.0077873213982949715
218,0.003984400046682926
219,0.13944343764445408
220,0.0012691438406152104
221,0.004775255911305753
222,0.0016590420671424998
223,0.00010179232445483459
224,0.0026013524075894747
225,0.0047709784556038675
226,0.0011584952285101262
227,0.0006549907573073892
228,0.02336565264291019
229,0.002519740497190331
230,0.015899180844835843
231,0.0038673078182445936
232,0.00029496020290284143
233,0.10584378122625361
234,0.01801602976745256
235,0.000836622396675603
236,0.0006057533492888445
237,0.0010675669749272989
238,0.0021503759629007742
239,0.019978296950368107
240,0.0091024731852949
241,0.0023804358561430924
242,0.0013045813444015077
243,0.006932364856394736
244,0.003984683864344223
245,0.0022903636181453714
246,0.0052040088314028975
247,0.0008135956533028687
248,0.001071066987553641
249,0.006156642692560039
250,0.0010743020812877565
251,0.003628080423698154
252,1.262646968774266
253,0.0015896710601068685
254,0.013472296994967034
255,0.01131374600690037
256,0.0017216929045594917
257,0.005998569322066705
258,0.06634887902790733
259,0.00029185329270376917
260,0.006153043862738459
261,0.004168270824511319
262,0.0040050304396474995
263,0.0013330872346383042
264,0.01448705558826264
265,0.0002154995349047676
266,0.002729225352795537
267,3.3283398925571
268,0.0005269799205119609
269,0.0007425382437373184
270,0.05866866017721644
271,0.007562512693083614
272,0.0042945171066435354
273,0.0002802340375064418
274,0.005243180733137716
275,0.1035275484971239
276,0.0006448932141078631
277,0.0025786980059569415
278,0.015304848496734663
279,0.04057330864875225
280,0.0024487512304409427
281,0.005258743189550842
282,0.059758765820142015
283,0.2787967172132084
284,0.3833756138805214
285,3.836162017499858
286,0.004784980198439571
287,0.0009995048896884037
288,0.00319688533922
289,0.10878853354360565
290,0.0008023346010096652
291,1.1758966938714992
292,0.18916329978597787
293,0.0009453932534823287
294,0.0006816465867755206
295,0.0018102228236930105
296,0.12745510497148926
297,0.0009970029937567968
298,7.195900314164221
299,0.00044046619260474496
300,0.008341638729868824
301,0.00041502590049368197
302,0.0015230384343849187
303,0.00020847229895006332
304,0.000141638491283407
305,0.014775264156411958
306,0.003754128492104882
307,0.0004240679156828503
308,0.0007718958541559609
309,0.12211899574787696
310,0.0026294930084391657
311,0.0017137653316007593
312,0.002035158352470815
313,0.039436924167964876
314,0.0005034174412258285
315,0.0038313669478246765
316,0.0012530300828659648
317,0.0033808470817532285
318,0.09143515682922539
319,0.04199489438666157
320,0.002068198774276714
321,0.0005725133117755049
322,0.007877297334017814
323,0.10650477663444004
324,1.6015309379146885
325,0.00045337269485306453
326,0.11626000147736827
327,0.01585144076737714
328,0.003355452663057031
329,0.004800645639260428
330,0.0011235418553666055
331,0.0020343561343070964
332,0.20839392191184716
333,0.0004477905926507354
334,0.004154195844977659
335,0.649451026352978
336,0.022248476772100893
337,0.020990377244710996
338,0.0160726737858059
339,0.0038476602681514227
340,0.000986617446371019
341,0.00041779496982747146
342,0.0016091988784757885
343,0.0006992340074885597
344,0.00034947247575142993
345,0.0017090432125432921
346,0.0015279775888454262
347,0.2963854050867712
348,0.001924643077386751
349,0.12524193151856233
350,0.0019283419583670974
351,0.07398619719995828
352,0.0005858985222965677
353,0.0003574077440334388
354,0.015656752728604822
355,0.0004346116526097953
356,0.02246563000751103
357,0.002059091267362312
358,0.0016864788448058558
359,0.01099306125108155
360,0.002267360292606472
361,0.0008906727261912804
362,0.04373840337023231
363,0.0035665689941758467
364,0.001133706251367104
365,0.0007630625152209785
366,0.003285164143765336
367,0.0023669821998057125
368,0.00032924981187920416
369,0.0012492957216656752
370,0.004408063662300061
371,0.0019987633889631613
372,0.002760525731854177
373,0.0006480063611970702
374,0.0041469095424915515
375,0.014798128313823803
376,0.027511331568981934
377,0.0012740605904150728
378,0.0004949716330283143
379,0.29273414410358517
380,0.0010328067356234405
381,0.00144481688506149
382,0.01860315332795691
383,0.057703733848086636
384,0.00047157014038365965
385,0.0021423640507903393
386,0.0011726127023014813
387,0.0029332774781639865
388,0.0013173428297146709
389,0.25391714934714205
390,0.0053227866196101075
391,0.0024771351586192255
392,0.00043313434172560756
393,0.029685420078292276
394,0.0015463406630025123
395,0.005825197032500247
396,0.0003021883524814231
397,0.0003584617378935979
398,0.04342850335176865
399,0.030644171719633555
400,0.02890585574805178
401,0.018191360504462212
402,0.002755904474705354
403,0.009301230137861754
404,0.0014022159192845114
405,0.0013058834356386234
406,0.15736948870392328
407,0.011804381304682325
408,0.00017949693828432745
409,0.007608298927780953
410,0.0021088394074965013
411,0.13276075611910734
412,0.0416848346750383
413,7.1246414675094e-05
414,0.024315298133382783
415,0.0007787685761215515
416,0.00017346109064564688
417,0.01101866723722683
418,0.0030360462824973516
419,0.0005019232622007832
420,0.003486855953840128
421,0.0017584278925059206
422,0.0036843991871282813
423,0.0004424285053863779
424,0.00021966951693780276
425,0.008470647679594857
426,0.11348193621385334
427,0.004980257329116942
428,0.0019490959900575352
429,0.014080832112239419
430,0.0023588941632272094
431,0.0016057648976481739
432,0.011415293458216047
433,0.0038078843818751236
434,0.0026894514582933154
435,0.26849319620252793
436,0.003972307633577787
437,0.0010608912740436487
438,0.0015712784278873553
439,0.0025961267180183195
440,0.0036928219904127646
441,0.006818879195032302
442,0.008563159860665075
443,0.00045964352341057007
444,0.00014548875170343473
445,0.004790702068947828
446,0.002657737332934527
447,0.0022920406620696608
448,0.010594237507202706
449,0.28071477356739405
450,0.0038527615603606833
451,0.00012733439280875977
452,0.00021556023715258208
453,0.00012604223727258882
454,0.0002735903740604482
455,0.0009496506181608087
456,0.01261832515901213
457,0.00142103976779623
458,0.02639146098297717
459,0.00022652219606249756
460,0.001066320272076884
461,0.004490105381428087
462,0.00629855573469238
463,0.0005998076982572697
464,0.00012860708839056083
465,0.000437493664216664
466,0.0025653467564247974
467,0.0012194197109511912
468,0.002279872861072157
469,0.00025860570582397497
470,0.013252811371729938
471,0.0009254620517835184
472,0.010759725018463034
473,0.0017086612559620857
474,0.0002765949950669462
475,0.0020436200063373624
476,0.00558545074960244
477,0.007218356921962404
478,0.002764148278681626
479,0.0038653736134075353
480,0.00046171195294421845
481,0.012367402724118926
482,0.009169956824188308
483,0.0015544675852454332
484,0.0004726926439220265
485,0.003245712070038143
486,0.0027279297696063687
487,0.047129771945543845
488,0.00034210990214400734
489,0.6527618766220462
490,0.0026053518765216423
491,0.0013764792464198128
492,0.013831597470709384
493,0.001656309381870422
494,0.000366253710225879
495,1.4644875185756223
496,0.0002994160142974696
497,0.06791322317988782
498,0.0022430088621235187
499,0.00023744317639804265
500,0.001044789203964709
501,0.013240103186628611
502,0.00010733843599905787
503,0.00048273917264276937
504,0.01049908268737874
505,0.0009148875605576746
506,0.001610152886757692
507,0.00028788558492229434
508,0.006916511904471088
509,0.1224178513978866
510,0.004856159539568702
511,0.014774479485020933
512,0.006023700849010429
513,0.0004204587946344407
514,0.0021892732071651846
515,0.009117588692758626
516,0.0008585091915327939
517,0.0005151926414056501
518,0.19382448872511102
519,0.003395690568133294
520,0.0005318485975836833
521,0.9188246657505126
522,0.0005024613989198373
523,0.004017610773496862
524,0.005246172856497234
525,0.0011318555521571362
526,0.0005381923801208072
527,0.00021892593199296782
528,0.0013116704265688274
529,0.008951072730113195
530,0.010238484917219655
531,0.0015470373383033578
532,0.00031433017487637443
533,0.0006147681710497626
534,0.004125430739532587
535,0.0550902200527796
536,0.0003145112177429099
537,0.0010684937863818186
538,0.0008549075674985323
539,0.03376785137508173
540,0.0017026241070092
541,0.000569483590090895
542,0.0010685812128049135
543,0.0013913551097595861
544,0.002662152764762813
545,0.00818404666375761
546,0.00014244708582984876
547,0.0011604144968543973
548,0.009559603922064426
549,0.0010449867947516164
550,0.00739457820573168
551,0.031071129862627077
552,0.0002562679346649416
553,0.020468401696039286
554,0.0003521723282729492
555,0.0007759033660680183
556,0.009638878098270803
557,0.00046779894875903467
558,0.003266907736382932
559,0.005049371822216734
560,0.009187376654201137
561,0.010311170572398363
562,0.0014106597462962543
563,0.0003124862105248112
564,0.22455446957288408
565,0.00026945985386790525
566,0.053812638969370795
567,2.842921008227887
568,0.0014665903935899172
569,0.00352167380351166
570,0.0024225061666011353
571,0.00022206451463800916
572,0.00033312286790298737
573,0.0012454469643747882
574,0.0007334925949036829
575,0.009028111084272986
576,0.0331076426050647
577,0.020635646168534413
578,0.17172686147819363
579,0.859684806522418
580,0.0006636545581969798
581,0.001798139963831511
582,0.02377451547357232
583,0.0013698028135736915
584,0.05756911915112691
585,0.015647874247135374
586,1.6476298921695263
587,0.00017546239046308912
588,0.0003993209257810802
589,0.0016025988263740324
590,0.06597265530443802
591,0.012805559428867965
592,0.0010153021576912457
593,0.4374080384439478
594,0.0003997511173807031
595,0.0005650165208997992
596,0.00036185223701087237
597,0.0014878761496072738
598,0.0002524804810145937
599,0.000866036502163954
600,0.004992397529738043
601,0.005192920033208445
602,0.07684687016680695
603,0.0005558490473179111
604,0.004672447630957112
605,0.4202194688218768
606,0.5865487495977071
607,0.004479680026341941
608,0.00020912421928905248
609,0.8483692791625469
610,0.004935717911451251
611,0.12871972487526984
612,0.0002642444335524922
613,0.8525591270195506
614,0.002065653944979862
615,0.004293360959577358
616,0.0024733475799085507
617,0.0005360245345064379
618,0.018085752129974497
619,0.002306401859207583
620,0.0008840693410762298
621,0.0011096031564838467
622,0.0006525576853149751
623,0.066716771585736
624,0.0008962995853515949
625,0.0003290373041979084
626,0.0009346346919818873
627,0.023978196297274646
628,0.0013926182217236535
629,0.0033665293026084826
630,0.36955243293971113
631,0.0011039235099232542
632,0.03366910089941419
633,0.007549466756231458
634,0.002008901224849176
635,0.0026635167567300158
636,0.002022595776831536
637,0.12376694883045382
638,0.00011069336574110311
639,0.02412727304826401
640,0.0005522929605087265
641,0.001160274134547462
642,0.0011318190886460465
643,0.0010009841154589058
644,0.017986686115776813
645,0.0031767552356884096
646,0.0004890194395862492
647,0.0013781419940428162
648,0.0005419879368227377
649,0.0014796093876544656
650,0.14509178183576746
651,0.003737806782507709
652,0.001659374127302564
653,0.00031459172207953454
654,0.0010921350854917644
655,0.001934961014117167
656,0.0004971428929965873
657,0.000954649722209125
658,0.014671403174032545
659,0.008155001443618038
660,0.0012344286034422006
661,0.00027758871709986197
662,0.00035493098542694034
663,1.1870391221177543
664,0.0021776211386024115
665,0.0038807468921277354
666,0.0037945302788285292
667,0.00180652337053027
668,0.0007247702088706388
669,0.0032622349643199647
670,2.4297445988762103
671,0.00015394911542952264
672,0.0007361038700209228
673,0.003079366450484549
674,0.00037404660965317593
675,0.031732124738428735
676,0.0008359036294961251
677,0.002399532976346373
678,0.0060771829685561645
679,0.0010118345812101936
680,0.013692191511832685
681,0.00022250412028997028
682,0.0030396278573508713
683,0.001311152831069069
684,0.2689010614506262
685,0.003624013919860759
686,0.005293909327152591
687,0.0015004546377083952
688,0.0016121249363820619
689,0.005642401819985725
690,0.10209024995398588
691,0.015336808617987481
692,6.744852486412636
693,0.06385932939237234
694,0.0014393595467008856
695,0.15487824603460645
696,0.0006695253565764423
697,0.0006210694159178334
698,0.0009773953078564756
699,0.0013406442495920428
700,0.0007967699588287634
701,0.01548047357309243
702,0.0033318238772259536
703,0.0857681406502086
704,0.012311770731294035
705,0.09959590843979077
706,1.2199244508271652
707,1.1215225073125221
708,0.0024441543737796457
709,0.0009021719478251112
710,0.0017416501987443682
711,0.0007457088007792835
712,0.0028368385115207567
713,0.003560708724993049
714,0.0005828888197647097
715,0.001681416743586772
716,0.002820106480773848
717,0.01779689470926808
718,0.0028398477937293305
719,0.0006786132476339958
720,0.0005266824927350861
721,0.007922822519534183
722,0.003529932714830617
723,3.369308958243733
724,0.004379393290031981
725,0.02656130400314184
726,0.005578123393520118
727,0.0012630430997749398
728,0.00917043831495985
729,0.7614944644005291
730,0.0002493290855190276
731,0.0015029701212749397
732,0.0036274894816370486
733,0.3658174354066059
734,0.003992405098565612
735,0.002738102581655732
736,0.00023458931627688055
737,0.001028907289280439
738,0.001576313730600434
739,0.00019034896873475156
740,0.001228135466321194
741,0.15188626269641464
742,0.0020011750209043824
743,0.0013258197633326052
744,0.014483124962610562
745,0.0035289557663230795
746,0.000606104733087655
747,0.0011628670637382232
748,0.011406624463738878
749,0.01800158777318616
750,0.030173360397858194
751,0.001937773800943378
752,0.0008441132506525434
753,0.0011823686778515041
754,0.0064286611353866555
755,0.0019959400455588786
756,0.0003922523875655753
757,0.02337326230728312
758,0.027655818943800356
759,0.0008065367068036592
760,0.004366634488534656
761,0.00042753816937746966
762,0.0004385472203022815
763,0.0029718277423356693
764,0.0014226487385387665
765,0.0007138528580193758
766,0.0018368854849791785
767,0.0010571143692820536
768,0.00037197684696472686
769,0.050023247408287876
770,0.000999256992927019
771,0.39828673589933533
772,0.0002785477027025886
773,0.0005933845577765719
774,0.0008591216867869586
775,0.0014098464537435234
776,0.0007883045075692972
777,0.0016974595546121664
778,0.00028702096938867645
779,0.002182179367778894
780,0.00013576962945635037
781,0.00407890380097525
782,0.0012304632825438427
783,0.0009709972737461927
784,0.0012785199156887454
785,0.0028243293018880714
786,0.008454576674109714
787,0.0018962904425105576
788,0.019746942465494355
789,0.0038469495143067314
790,0.001559378809368103
791,0.0007576196488861854
792,0.0007872292732853447
793,0.005685476205576851
794,0.001501099743235223
795,0.0013065402275158281
796,0.05927635723953358
797,0.0003792313446034381
798,0.008924242995224669
799,0.0009768174731807785
800,0.004367050757178504
801,0.0006296532738177878
802,0.000667866938347559
803,0.0001880345509166299
804,0.003382864190116889
805,0.0004258403570744629
806,0.015946002687678658
807,0.0016526532008542764
808,0.009359870486446138
809,0.0006606185625704735
810,0.02205069018070701
811,0.0011915628788005455
812,0.00023473198653754844
813,0.0007670011289054667
814,0.0017767460116947698
815,0.000160186803977346
816,0.00737004415078102
817,0.0034367892601842344
818,0.0029530458848529687
819,0.001546179435380031
820,0.3535056374728508
821,0.0006741658986433914
822,0.0011275926624978929
823,0.40380003571221085
824,0.00783507830394904
825,0.00992958533298626
826,0.0011642798050407088
827,0.00022722367209565325
828,0.001974126392628822
829,0.0024182897057143126
830,0.0007329565463470613
831,0.05979053852103133
832,0.0012288972214042476
833,0.00026566998848535505
834,0.0015147213755727436
835,0.0014233583574325328
836,0.000640072910607595
837,0.0011165424027509022
838,0.007994239201185287
839,0.0002756682808060747
840,0.00045049064288295976
841,0.002080496457689619
842,0.0016729082074027624
843,0.0004881596399486536
844,0.000554636584423288
845,0.06706372239370884
846,0.0002986796726509906
847,0.021435927191502606
848,0.0027407472078801935
849,0.0031124813437779252
850,0.0002814811562849503
851,0.0007188421036360499
852,0.06766184700476231
853,0.0017742556719732919
854,0.05695589461004836
855,0.0007036585209910345
856,0.00017299768388277407
857,0.0004616877753263822
858,0.0011524699566595907
859,0.004412387363870095
860,0.00037358700689978173
861,0.001568677730637157
862,0.7082234199547788
863,0.028714808571681964
864,0.05932527999017395
865,0.008970925822999038
866,0.029458126301917482
867,0.0009187535938588212
868,0.002213777961208501
869,0.0006518938639516567
870,0.017641204613231445
871,0.010961782710797067
872,0.0008207548799857363
873,0.003886619844513337
874,0.0034472492079657352
875,0.0014050722413237243
876,0.0002450773891194014
877,0.0005624643951371705
878,0.02728217270081846
879,0.011090367670959167
880,0.0013360177545408624
881,0.0025306924026719233
882,0.0013116024194164105
883,0.0007155183449956451
884,0.21757368011372002
885,0.0006020513763535965
886,0.013243773480847305
887,0.2688386135519979
888,0.0002489631796611145
889,0.00027716842609241087
890,0.001723839272613176
891,0.4245600877112499
892,0.0010068606712049992
893,0.018149161383782253
894,0.010481494531682083
895,0.01468452460113389
896,0.00026584760020210204
897,2.0543881947653593
898,0.00364419340307321
899,0.00044829823310439405
900,0.00018775687648819986
901,0.002077720217182411
902,0.00041586812678306865
903,0.0008787687850272527
904,0.006335270596491031
905,2.19468409265937
906,0.002850902073779215
907,0.007935726608986074
908,0.00348450548329596
909,0.0001563137060681806
910,0.014846616882716195
911,0.017132093071953992
912,0.0005520024257240307
913,0.004959065341199723
914,0.005353805439749335
915,0.0028542095094214845
916,0.0006458538104677363
917,0.0017623320102041471
918,0.0005484726395401498
919,0.17488935472812608
920,0.13532966464219778
921,0.005484550568680231
922,0.00535277985239526
923,0.0010420041814436956
924,0.002461103654091811
925,0.00022796007961988304
926,0.0021962908814174777
927,0.00017960730004603094
928,2.391752222654523
929,0.0012694609172481557
930,0.0012718745954651016
931,0.17992236542717424
932,0.04863892460331901
933,0.0010933766528760922
934,0.0028275450378919477
935,0.006725652387511518
936,0.014260826342216535
937,0.0024783655312042878
938,0.002750964755120602
939,0.0005045179252281037
940,0.05131884163063758
941,0.0027253560419189028
942,0.0014579685398906812
943,0.0014091628147372011
944,0.027548085464443317
945,0.0031680351513153986
946,0.0005050819197801412
947,0.006776944405833071
948,0.23735946004226258
949,0.016561950469085925
950,0.002026497645556864
951,0.001169506900076559
952,0.5718752172358497
953,0.0016656396626913764
954,7.504951858006824e-05
955,0.002971429056171363
956,0.3944826907218667
957,0.2837386342649649
958,0.00037590452423597287
959,0.002778453559123175
960,0.21370102612986397
961,0.00035100008849342973
962,0.00460285413780771
963,0.003060801988579346
964,0.01750253144074441
965,0.0006515341760771415
966,0.004541806241254894
967,0.002746294938152705
968,0.0039039172308953257
969,0.6915220290566358
970,0.0004836851705244833
971,0.0029183714792213036
972,0.0012781299517723547
973,0.001480365935888664
974,0.004593239869265803
975,0.012270876472889138
976,0.0010349975063084005
977,0.0031375262968747733
978,0.03309161689351852
979,0.0016179959650184689
980,0.00042745170985244687
981,0.0011940373637055381
982,0.00045079759396797015
983,0.0006379941648827258
984,0.002718352693921453
985,0.0008894369864492587
986,0.0022013587364305806
987,0.0022083623459606444
988,0.0003610672738155581
989,0.10930916470118655
990,0.000959605536204002
991,0.00046842830965451715
992,0.0019728834851714793
993,0.1854046950355356
994,0.0010544415683193822
995,0.0008383845674193414
996,0.0004349211452950019
997,0.0006001549803086836
998,0.010751127533901964
999,0.00040656791087920847
1000,0.00041236649745499186
1001,0.014338509433200444
1002,0.0010240282196917088
1003,0.000339118438956699
1004,0.001759219099773469
1005,0.00018392771451741758
1006,0.0004797428757018556
1007,0.00023668549027019525
1008,0.00026429639295900195
1009,0.02069632397801083
1010,0.002635082252319435
1011,0.0009947153740044738
1012,0.0008845888512600521
1013,0.046791712224572755
1014,0.0019506403110178632
1015,0.009341629808782411
1016,0.00012882233901705904
1017,0.04452370804755787
1018,0.07394165529056501
1019,0.00036993544346511993
1020,0.03859393275434961
1021,0.03017604330001845
1022,0.005048088866028611
1023,0.024797465676543194
1024,0.34493448783506997
1025,0.012180351913989772
1026,0.019878636331837275
1027,0.1750860172196102
1028,0.00019376551606488856
1029,0.0005704880876278908
1030,0.0005241846180938433
1031,0.4004024079807723
1032,0.08526524206349789
1033,2.6099257752145015
1034,0.0028745341133056303
1035,0.00453800102725371
1036,0.0003119067115266301
1037,0.0007980300784666933
1038,0.0012641089458961204
1039,0.0028312803049516406
1040,0.0021040928923459967
1041,0.005167863118327744
1042,0.00022403646609967984
1043,0.939549448619556
1044,0.0015999979174962612
1045,0.001181830846929906
1046,0.6369010173246484
1047,0.0006372669382736324
1048,0.00048322218847514245
1049,0.0003398656482720044
1050,0.002789974614958356
1051,0.0002619341331517671
1052,0.0016818699038714975
1053,0.0028720181550071044
1054,0.00036418985753587825
1055,0.002478448214758223
1056,0.0377693254941054
1057,0.0017865728314311589
1058,0.00015189746060739217
1059,0.01142266321024159
1060,0.013256493504172417
1061,0.002088978216386811
1062,0.001725367483211733
1063,0.07757060878715635
1064,0.07802426849861703
1065,0.00328805258777548
1066,0.0029099607740674187
1067,0.01597185706267233
1068,0.0014993754222513964
1069,1.737059256880022
1070,0.000910968941426517
1071,0.0014839987130428668
1072,0.010723647867087977
1073,0.016047880411236195
1074,0.0003321437441946321
1075,0.0005627975346793121
1076,0.0002962344442020869
1077,0.0011642626456729523
1078,0.0028019681289234415
1079,0.0009680348869436269
1080,0.0025806478069049276
1081,0.009457187928596632
1082,0.0004888132297786803
1083,0.0029815484443234948
1084,0.000516878181216099
1085,0.00032927904196934486
1086,0.0014575346239704462
1087,0.0001378795689579411
1088,1.546397294207973
1089,0.008020860825397448
1090,0.001229479379339202
1091,0.0013824914807533115
1092,1.6416484367643154
1093,0.0025298010417328987
1094,0.003966744712600689
1095,0.00015218145068464904
1096,0.0017679269904139249
1097,0.0017802126895739966
1098,0.0005913937526936209
1099,0.00064239734522238
1100,0.0002216528961268616
1101,0.007564535704842411
1102,0.0014849950768426638
1103,0.000604927576157337
1104,0.0024271864011917222
1105,0.10182885413527468
1106,0.0008567974177390443
1107,0.001172925103448466
1108,0.0014704829103805255
1109,0.07868119557367947
1110,0.023209064311349017
1111,0.42462430486522384
1112,0.006099140150072462
1113,1.0352081032729583
1114,0.0030551811336221534
1115,0.0024286113697500693
1116,0.0006909086487609006
1117,0.0077842478291805
1118,0.028538815102827134
1119,0.0003217379942802637
1120,0.0005838327462824929
1121,0.0069864288210885125
1122,0.09216160602234144
1123,0.0017992148157600638
1124,9.068479167721711e-05
1125,0.005214477866817791
1126,0.0010776900573617374
1127,0.0049979125459863
1128,0.008770765680884687
1129,0.05794121098998072
1130,0.004674929856176386
1131,0.04781672760238316
1132,0.03059305318483852
1133,0.0014622534600424858
1134,0.0007483228590320203
1135,0.0017339955182626833
1136,2.338738403861477
1137,0.000286241702246926
1138,0.005905206013620407
1139,0.001293533300038662
1140,0.0041893926157841
1141,0.0004172764942712328
1142,0.0003052908148050169
1143,0.0008762532859556647
1144,0.0005069506412206511
1145,0.006590831443338468
1146,1.0851485654615811
1147,0.0003693050446574816
1148,0.0026104011289720345
1149,0.0016556494383748272
1150,0.0014070263986527512
1151,0.07918252243343173
1152,0.0008360221452032736
1153,0.0037876167473889543
1154,0.000937112623705479
1155,8.75709329698615e-05
1156,0.00043594599995116714
1157,0.006096713938999272
1158,0.002160957996254841
1159,0.11784693151752292
1160,0.01924577532842157
1161,0.003196626309231095
1162,0.0029380540511749283
1163,0.0038004118967343357
1164,0.0015104500872518349
1165,0.001363111063151894
1166,0.00030048065473894676
1167,0.018022072373257175
1168,0.005493416963104444
1169,0.00022457030057586284
1170,0.0007866983052227225
1171,0.0034465599744029547
1172,0.009245162965076537
1173,0.0009655314305839483
1174,0.00033561213688944444
1175,0.001080442962493034
1176,0.00013015327209944935
1177,0.016263840429111387
1178,0.00022746368668872025
1179,0.013501978073041716
1180,0.2226529151692534
1181,0.20286015252751693
1182,0.0026994542172102836
1183,0.0015550646690824464
1184,0.09660003301624712
1185,0.002284355582586504
1186,0.7697941399491478
1187,0.0011260781413999544
1188,0.0007507422785742152
1189,0.0015919063572285075
1190,0.0008008316526013294
1191,0.0005854624684574808
1192,0.0012670619522793846
1193,0.025229447417974102
1194,0.0005475015171574812
1195,0.0025652599767401318
1196,0.0016715406222696202
1197,0.004868011928585695
1198,0.012267188207715444
1199,0.11005717079672947
1200,0.08049664910248547
1201,0.0141607286376911
1202,0.24564079350727042
1203,0.000914874752924388
1204,0.058076854210400194
1205,0.0018635523430739183
1206,0.028986494792760265
1207,0.00015395142472258175
1208,0.005232113158972523
1209,0.001421043997396229
1210,0.003264497066292009
1211,0.0013859028611789496
1212,0.00046409607205182365
1213,0.0007619861363945409
1214,0.0023752188588502332
1215,0.0001592069068016225
1216,0.00024058989579639486
1217,0.0006267009549220213
1218,0.010686508026520932
1219,0.004389683878707358
1220,0.008910605207315202
1221,0.0009544930982633781
1222,0.0005255327847907581
1223,9.241088718969087e-05
1224,0.17955620753553905
1225,0.27342143951855874
1226,0.0014395076293729952
1227,0.009961384321720524
1228,0.0019238902308301492
1229,0.0033569660478988514
1230,0.00042009386703041135
1231,0.0005920744546464877
1232,0.0006183295265778871
1233,0.0007880097086004625
1234,0.002877059984584406
1235,0.004054925502128762
1236,0.00010038674724157096
1237,0.08668908166813319
1238,0.4216122638865706
1239,0.02549400372944775
1240,0.0010895242706945515
1241,0.0009692167088901823
1242,0.0004373765010274146
1243,0.009932854287449255
1244,0.004178751971057932
1245,0.005657543664077625
1246,0.0010846780481743653
1247,0.019413989687414382
1248,0.0017914395401356924
1249,0.002196945119263896
1250,0.0009067586797251197
1251,0.00014211002941170507
1252,0.0020027491748796458
1253,0.0017492482311814647
1254,0.009545962188852397
1255,0.004109382456396392
1256,0.006610126928793826
1257,0.00044902640109612777
1258,0.00013372642539347847
1259,0.003865522029592468
1260,0.0007365673646040459
1261,0.0024195766555200724
1262,8.838211960339917e-05
1263,0.021609380836365842
1264,0.018008167685046796
1265,0.0008307017766102764
1266,0.00029830238603117124
1267,0.0010763768293287606
1268,0.008078470511121575
1269,0.0020254891019871775
1270,0.001632451107462253
1271,0.0005779188595600286
1272,0.026966024417074255
1273,0.0018554884973903084
1274,0.544178123358876
1275,0.004971016118512342
1276,0.0001666950095587406
1277,0.04058695448848791
1278,0.005989479103795804
1279,0.00275670588008752
1280,0.0004553875553125051
1281,0.0021152077079220743
1282,0.03045843955157275
1283,0.022336206596714803
1284,0.0029431382237022886
1285,0.0009323114214266925
1286,0.0017845851213181365
1287,0.005958647029210158
1288,0.06605107258210283
1289,0.001637908546417647
1290,0.16417847529913013
1291,0.007920555398050635
1292,0.0008215484624086854
1293,1.2811415555574737
1294,0.0011141919302363995
1295,0.00033715256539368826
1296,0.00091287715698499
1297,0.00026228075996605893
1298,0.004731836857214751
1299,0.011615189030612342
1300,0.006177399859722731
1301,6.300914228874385e-05
1302,0.0015559919898050706
1303,0.0008753734815228134
1304,0.0011635063616895025
1305,0.0057763964077927705
1306,0.14432063979101414
1307,0.002316121048048216
1308,0.0003983119063923956
1309,0.0023769572519369638
1310,0.0029615871869789335
1311,0.02719877031626787
1312,0.566771218707814
1313,0.00395903301838895
1314,0.012082251638172156
1315,0.005373443074885422
1316,1.9133880280114017
1317,0.01008796360455432
1318,0.17235537729828138
1319,0.007053455096085147
1320,0.03350165050924251
1321,0.0017314833111836006
1322,0.0004322893292615794
1323,0.00023625825762111402
1324,0.0025473325855802204
1325,0.0097042874674667
1326,0.010265972009801729
1327,0.00044622993526023463
1328,0.001763297628871657
1329,0.0007255922123351533
1330,0.0008998120340986402
1331,0.0011313938481877562
1332,0.0017036726759332719
1333,0.0003932710279939979
1334,0.0007871399652142044
1335,0.0018780211706196572
1336,0.002409043714476828
1337,0.0027819683220539366
1338,0.00033216304376876586
1339,3.023137834932342
1340,0.0003390849087542952
1341,0.003635490366641961
1342,0.0022789706749710677
1343,0.03869958215068526
1344,0.003456814928001737
1345,0.0003640219722025428
1346,0.9339161450020119
1347,0.0005744193369995844
1348,0.0021300634488749387
1349,0.02167485937472859
1350,0.0011199954785299153
1351,0.0029705793382886945
1352,0.6632614589725598
1353,0.0012408958123009723
1354,0.0008109901553042081
1355,0.000399985112483939
1356,0.001694330607182626
1357,0.008192581006897478
1358,0.0017607865537863315
1359,0.0004273786642224967
1360,0.004030805754518735
1361,0.5049812785851795
1362,0.0006854714741186278
1363,0.0077596206246748865
1364,0.0003382805339575489
1365,0.0007835828080630764
1366,0.0004745455389434461
1367,0.029160097678943116
1368,0.12978811214092503
1369,0.00016035671561172825
1370,0.0032424270839507005
1371,0.001001513896350257
1372,0.6244262784278571
1373,0.01759338385204201
1374,0.0012307043170878419
1375,0.00011957746956816613
1376,0.0013776797070934972
1377,0.0010792510982259665
1378,0.0003945357178507259
1379,0.028351826536954557
1380,0.015212799643226957
1381,0.03621767744367838
1382,0.000855378729133563
1383,0.005045032388710344
1384,0.0014281919219702136
1385,0.0008946898429277731
1386,0.009516433837108654
1387,0.0007067645937152554
1388,0.0003219508294511467
1389,0.01906676223606019
1390,0.038549802880759466
1391,0.021246844319031885
1392,0.002584184286467122
1393,0.002928738123058465
1394,0.18383270570222054
1395,0.004473708121917302
1396,0.001255075809508545
1397,0.00037776639640944355
1398,0.5645740476948878
1399,0.037081367083261756
1400,0.00011596906735832866
1401,0.016053110939587032
1402,0.0002620783736649383
1403,0.49481479191826494
1404,0.37030029622417254
1405,0.067204307518881
1406,0.0041901823772952755
1407,0.001102060090910235
1408,0.00035630571252896726
1409,0.014254360812934162
1410,0.002375815382242123
1411,0.002027894490815091
1412,0.0014299410817954772
1413,0.4843000006110742
1414,0.001815069346160705
1415,0.0043948396802151145
1416,0.026929107770621703
1417,0.002796267414365339
1418,1.020372802395302
1419,0.11073349026102879
1420,0.0009849047963473002
1421,0.01810705347316912
1422,0.0008042640507008428
1423,0.0032090089411659587
1424,0.002287075267902845
1425,0.0026498414656123386
1426,0.0009128537921773091
1427,0.00015013511525259173
1428,0.0007703751894594961
1429,0.0010716518857060006
1430,0.005890750561751686
1431,0.00021475162851616113
1432,0.006202353407986211
1433,0.037190487776294565
1434,0.0021156847741823706
1435,0.004996033445619681
1436,0.013429308812437247
1437,0.0018070335354889555
1438,0.0012790038419363946
1439,1.738978050490488
1440,0.00017117145269574162
1441,0.00034359025343066893
1442,0.0828282084408317
1443,0.0031567864548068857
1444,0.00030513157791144655
1445,0.007486125842095567
1446,0.002646725843186377
1447,0.0014617166171577273
1448,0.0005616538191372713
1449,0.0030494578704825604
1450,0.12742720909407043
1451,0.0004432391311401849
1452,0.0014291201284052865
1453,0.000245945300238492
1454,0.0008246313715017348
1455,0.08254514326251548
1456,0.001733373610537183
1457,0.016260096451449945
1458,0.00029536241015691594
1459,0.006796564868048966
1460,0.03347730239008234
1461,0.026736170835570842
1462,0.004749341193845364
1463,0.0019588204036537185
1464,0.0009470237200401323
1465,0.004067747545500549
1466,0.003942674243474774
1467,0.0008029899246829507
1468,0.000606962739846892
1469,0.00225018096164211
1470,0.03877471517950923
1471,0.0016264531506413218
1472,0.08028936507499405
1473,0.03268317212250073
1474,0.00039796310068123026
1475,0.000458723991441913
1476,0.0019495686786202564
1477,0.0006518109632019198
1478,0.0010115375322773347
1479,0.0003149891216482239
1480,0.00041469520710288326
1481,0.3680102146892747
1482,0.0019389508874197198
1483,0.000966112975767923
1484,0.020215040867186434
1485,0.0018243363151736298
1486,0.00412094973537227
1487,0.0017457295858505633
1488,2.2124147228165443
1489,0.14833585968846988
1490,0.3599340384694231
1491,0.00920134836704204
1492,0.0007388231848482383
1493,0.7026058139079853
1494,0.0005096032299325122
1495,0.0041152611158567255
1496,1.2010566171954669
1497,0.0008270593732396084
1498,0.0013034836710081607
1499,0.000945799748797345
1500,0.00042059189551029775
1501,0.0007232253978623345
1502,0.0002476431912831335
1503,0.00047486690017410236
1504,0.0005235302513526106
1505,0.0024761794930404104
1506,0.0008066590494589129
1507,0.0010422010918654972
1508,0.0033936479195601542
1509,0.00030452914918741513
1510,0.0026758021361036185
1511,0.00017291385863617831
1512,0.00898566438748508
1513,0.0016635232201155116
1514,0.0007901182339821
1515,0.0004237766560334632
1516,0.003210855603499004
1517,0.006830725122906173
1518,0.007142279041883898
1519,0.00022009119821395732
1520,0.004048168027781668
1521,0.0027186083912367222
1522,0.09185587427415996
1523,0.0015369125989382112
1524,0.003651019887930993
1525,0.06837775943375701
1526,0.00044059190621748625
1527,0.02153240829477898
1528,0.0021612916093914874
1529,0.006955327230797647
1530,0.007328769553057681
1531,0.0028998121362050523
1532,0.0002599844608336335
1533,0.003577036778340611
1534,0.018840851453327614
1535,0.00019521486314848295
1536,0.0018147050595175294
1537,0.008340798818001585
1538,0.002124503235512854
1539,0.7503327084134617
1540,0.005220375620420002
1541,2.004676036960173
1542,0.06346681003221441
1543,0.0001936961044351492
1544,0.0027281191805297463
1545,0.0008721059153302638
1546,0.030989323439260655
1547,0.00023179420383171898
1548,0.0028471456926109774
1549,0.014506360916189941
1550,0.01645343643093001
1551,0.0014155739769373637
1552,0.0008517408562189676
1553,0.00012772126386398952
1554,0.0066109246130654975
1555,0.030156848631713862
1556,0.00031786533427519847
1557,0.0018045669433922997
1558,0.0018283185465021664
1559,0.00023864478103889712
1560,0.0005597674282932663
1561,0.0006318436255811881
1562,0.0011162842429398023
1563,0.0003275208012268244
1564,0.0022932526948980705
1565,0.00886480586490415
1566,0.00036097551515223205
1567,0.0014165662497573831
1568,0.0034208480982455573
1569,0.00671444951939018
1570,0.001108584116138691
1571,0.0004904174380010016
1572,0.00021264697128591905
1573,0.01301015680494411
1574,0.0004313407800327538
1575,0.0020572784175624816
1576,0.00030287968201636427
1577,0.004670756467518555
1578,0.0007800474415078004
1579,0.003232261371575076
1580,0.0009659403901960292
1581,0.0008176904851384143
1582,0.0006242631539780826
1583,1.5297724810202105
1584,0.0015249468928729248
1585,0.017368880123231175
1586,0.001377658691798437
1587,0.001340257131282941
1588,0.0010764655661870052
1589,0.0037190459231701426
1590,0.15013778032807354
1591,0.00042053157957320955
1592,0.0011627584285908267
1593,0.00010421989842372242
1594,0.0037725813026861306
1595,0.0028144043074522927
1596,0.0005782533760882268
1597,0.00619393433002265
1598,0.002479791044246798
1599,0.003173928331198077
1600,0.3165670284380071
1601,0.000761312718583892
1602,0.0072241737664947275
1603,0.004211395346614724
1604,0.00997253617809504
1605,0.010640078463244914
1606,0.19793107465686074
1607,0.0258249716678991
1608,0.0006469699601229653
1609,0.004861555218934014
1610,0.00788572545742497
1611,0.010387277746837042
1612,0.003090464800705641
1613,0.020085567487783392
1614,0.0008034248745159704
1615,0.0014304938683108116
1616,0.000579409244480842
1617,0.0003327729769808591
1618,0.0016599572899671433
1619,0.5602993931448975
1620,0.002135952369400019
1621,0.002363144725088839
1622,0.0004471995685579053
1623,0.0035939140392169736
1624,0.5994938168024727
1625,0.01054893703951855
1626,0.0003186294945596293
1627,0.007013925852501807
1628,0.00014149117918235514
1629,0.0004155902380452276
1630,0.000778147023131484
1631,0.0007074553824878635
1632,0.00014986760620664904
1633,0.00017014654858750724
1634,0.0034303715676413694
1635,0.0004332245726103085
1636,0.001903325625104387
1637,0.0005574087827116145
1638,0.12242772670323353
1639,0.003989999545726636
1640,0.006225476550222508
1641,0.0012282366394021187
1642,0.0061090055017320845
1643,0.037962726690633365
1644,0.013453435145824812
1645,0.007291576582936658
1646,0.00041537312474070867
1647,0.03094332407753323
1648,0.03066071305763241
1649,0.024064004247633195
1650,0.004941646188865514
1651,0.0005697232027340523
1652,0.0024236276106748686
1653,0.0014905736745088579
1654,0.00039382474573263995
1655,0.0018076732489559785
1656,0.0016034590521420622
1657,0.001908541894944528
1658,0.0001972458893972699
1659,0.0007740936130033508
1660,0.0005758363129859244
1661,0.16083145590507053
1662,0.001173298119921583
1663,0.001747591654533862
1664,0.15717755397880204
1665,0.000717246665438091
1666,0.0742593148584024
1667,0.06939754307754616
1668,0.0021571337398018273
1669,0.001692482984862398
1670,0.0027229749021313717
1671,0.003611362116476468
1672,0.0006906760278155948
1673,0.0011171647948577772
1674,0.0019223190498718048
1675,0.0007805487126671415
1676,0.000727589322965633
1677,0.00022945385240156593
1678,0.0001036735681438695
1679,0.0001531672462224439
1680,0.0008108140084108057
1681,0.04591070332338336
1682,0.005653020500290642
1683,0.003932320480721507
1684,0.003801256075215269
1685,0.0004232433895452044
1686,0.00029386190350166115
1687,0.006005657931127056
1688,0.0009731244655357643
1689,0.00444085063152336
1690,0.0005038104166977167
1691,1.7358491863007002
1692,0.001133560618626747
1693,0.00209189117197432
1694,0.012717085941933624
1695,0.0003640905944617228
1696,0.0006278962166998134
1697,0.001659597102245002
1698,0.002923823482671294
1699,0.006336275751856159
1700,0.0009088864775912794
1701,0.007853133862128834
1702,0.0020678967074479935
1703,0.00025834329015272353
1704,0.001370264243731545
1705,9.616814000163491e-05
1706,0.0009402166065003946
1707,0.000452344841659381
1708,0.0010542564951502285
1709,0.0007274010306471827
1710,0.0005706460056571198
1711,0.0018751033095300092
1712,0.0006715395712932911
1713,0.0009225461734056221
1714,0.001396080309601333
1715,0.0010864406197612089
1716,0.0010755921803266091
1717,0.0016079323129476806
1718,0.002656044571211353
1719,0.00031976266397416766
1720,0.0002647799373725504
1721,0.0005447231675839605
1722,0.0008839395546432674
1723,0.006472011091872555
1724,0.0005361839977431433
1725,0.000472414453856746
1726,0.0025894601572351607
1727,0.0007147448312054738
1728,0.0004667641489862588
1729,0.0009539422949797239
1730,0.0003725775667328552
1731,0.005269949557292183
1732,8.737584599313683e-05
1733,0.2599527727123373
1734,0.07515928328788601
1735,0.0007782046538308441
1736,0.011328324324253918
1737,0.0008316380469389612
1738,0.07862210007278972
1739,0.0006128794589453451
1740,0.00020108091618630783
1741,0.00023780897047312208
1742,0.013919698849967101
1743,0.01022069621663566
1744,0.00695953114364747
1745,0.0005158757031626109
1746,0.002209587487805125
1747,0.004309312835981472
1748,0.0008447787084556482
1749,0.003813548211067978
1750,0.003543905761323862
1751,0.0014048541117155698
1752,0.00013240502521717025
1753,0.0010411781251555249
1754,0.0007974806884509773
1755,0.0004926336624064274
1756,0.0014967774022367829
1757,0.01671098399349703
1758,0.013671031231364195
1759,0.002746131809103081
1760,0.0001819011666478311
1761,0.009433455418551185
1762,0.0019530376427766708
1763,0.044917130990811835
1764,0.0016377582913148373
1765,0.0006578522423692149
1766,0.0002121373789778279
1767,0.00032798435441932724
1768,0.00046686059253193247
1769,0.006966495390401932
1770,0.011545645255342095
1771,0.0014071963035170699
1772,0.0013611681424176498
1773,0.001905789182176476
1774,0.0023695983912091437
1775,0.00011965206011588555
1776,0.0017719557922433907
1777,0.0015805180474239536
1778,0.00021416851428759847
1779,0.00017047402685163346
1780,0.00040898043765534207
1781,0.001198677406550981
1782,0.00041341582622062787
1783,0.00047923337709708183
1784,0.00031254626919127916
1785,0.00024375712975395928
1786,0.0018111987803875863
1787,0.0207297091712543
1788,0.0032982111378366116
1789,0.0005675817073602001
1790,0.007458420769885193
1791,0.0013112267986778137
1792,0.04264910331652294
1793,0.00031370364665799107
1794,0.03356324215916578
1795,0.0017539290140231964
1796,0.0010393578079189755
1797,0.0008400688925415553
1798,0.0003602979252654874
1799,0.002209308136448433
1800,0.0008862497995211694
1801,0.007731767498244137
1802,0.0006559873995606849
1803,0.0046846934645068655
1804,0.8168867661973281
1805,0.0014874401136649586
1806,0.0021030929398194098
1807,0.0003989368221591797
1808,0.001744242132153009
1809,0.0004886296882931911
1810,7.951849579965989e-05
1811,0.002073408223913409
1812,0.0015937868434919452
1813,0.0341666348044453
1814,0.0004016967973172865
1815,0.011906137850267787
1816,0.0011201472176748648
1817,0.052479531654809536
1818,0.07400402854860613
1819,0.0011324221034291688
1820,0.002249799805793908
1821,0.0020203857509276464
1822,0.000899775865757581
1823,0.07510065620834148
1824,0.0008364679277905754
1825,0.0014238443315302146
1826,0.003174693801631101
1827,0.0006975768930584641
1828,0.0007370725183734914
1829,0.07464255543503853
1830,0.0015530069324366136
1831,0.0009819121290431793
1832,0.0031027811701086674
1833,0.010877025532488408
1834,0.0009410086495385781
1835,0.0016486484500041546
1836,0.000365475892817419
1837,0.0020930732858728254
1838,0.0021308572369588704
1839,0.0074063354933089
1840,0.001673405474876863
1841,0.0006026868716944348
1842,0.0032703568292046276
1843,0.0003185514608763538
1844,0.05710110335699562
1845,0.0001602294847764333
1846,0.0012266020512274691
1847,0.0007997144702891893
1848,0.00018387814220734326
1849,0.0023916487957985934
1850,0.0012402058615775349
1851,0.000716323971275938
1852,0.001810894582897626
1853,0.0002760593189897946
1854,0.016649153496483087
1855,0.24183553029426666
1856,0.0006957945347296582
1857,0.0005388945079597772
1858,0.0010091336350415672
1859,1.1454160959485753
1860,0.002423002357953893
1861,6.202853080321651e-05
1862,0.000309392929761908
1863,0.0002608330256809955
1864,0.022377935843347168
1865,0.008812755061821394
1866,0.008687550614025612
1867,0.0006768836612361026
1868,0.00025663056303789635
1869,0.0018050134237088172
1870,0.0006808299312297544
1871,0.010765979536651375
1872,0.004854568704490759
1873,0.01689584563551471
1874,0.00019722544369303276
1875,0.0001460973066181017
1876,0.017750519728601127
1877,0.001573642364428185
1878,0.00036230516540572926
1879,0.0006204878336874087
1880,7.091405354572346e-05
1881,0.001029693075985411
1882,0.0005442714101885945
1883,0.004602505731855177
1884,0.0023076222386930354
1885,0.018613183301993286
1886,0.0039360490448021295
1887,0.030468696190554458
1888,0.00852006941551407
1889,0.009239558752832232
1890,0.06838048459788097
1891,0.0005974660387149805
1892,0.008826099671604663
1893,0.0006723815254366228
1894,0.00034672239116217437
1895,0.000718321829152062
1896,0.0005483293788784336
1897,0.029551363289284996
1898,0.0001559301544133926
1899,0.00041401105974966294
1900,0.021090549913869657
1901,0.000347278721325442
1902,0.0018437746265568564
1903,0.0008250461555294556
1904,0.0008656020142217477
1905,0.0008199920170626724
1906,0.00022322449419444123
1907,0.00019776253334669042
1908,0.003617776919988355
1909,4.090473797083009e-05
1910,0.0019469933410012955
1911,0.0005556761377252279
1912,0.00019653783388663294
1913,0.0017413587136891851
1914,0.026757338291166066
1915,0.0005289369617778293
1916,0.0004287535951474121
1917,0.0034580473452004417
1918,0.001656771396052765
1919,0.0002931144292889632
1920,0.024374198954698507
1921,0.006510982654059999
1922,0.0008483286076613805
1923,0.02059584773373302
1924,0.001197402074186496
1925,0.002010483856779004
1926,0.0025567174612634086
1927,0.0027609105205737973
1928,0.00023807354503994476
1929,0.01427135515397051
1930,0.008158498266156458
1931,0.001587939862087012
1932,0.00048494057980954207
1933,0.0021211066438308816
1934,0.09434612351787751
1935,0.0014319829286619148
1936,0.0023467215340361664
1937,0.0013679819970868275
1938,0.0014489568486605153
1939,0.0008716853832077738
1940,0.0025841985032566952
1941,0.001724271885442375
1942,0.00023752430612316208
1943,0.00029948431381384495
1944,0.0007283794000987839
1945,0.00021142259909873564
1946,0.00022324982631871494
1947,0.014123311603343272
1948,0.003680235558458744
1949,0.001418628261607469
1950,0.00037958268538582486
1951,0.01040960589419943
1952,0.004760676372171661
1953,0.000988836987935921
1954,0.0002050491730345981
1955,0.00035478095318727305
1956,0.001996875989898938
1957,0.021841990465196137
1958,0.0009917042592503683
1959,0.012084190826458755
1960,0.0009255483342354322
1961,0.0023897086190384806
1962,0.0012293493329606515
1963,0.004830191978686812
1964,0.004884498917074277
1965,2.0756982235855674
1966,0.0032207317296824994
1967,0.0008482855126093129
1968,0.0011623698981857585
1969,0.00033811049132840057
1970,0.0008496681149978572
1971,0.0022868230497440963
1972,0.02326329631222898
1973,0.00196893141611118
1974,0.0006124544242141469
1975,0.005247237464491264
1976,0.0007038601040862553
1977,0.0005317730287560178
1978,0.0005717553293601501
1979,0.0007689309411069974
1980,0.0006181384833874588
1981,0.0007341574358816323
1982,0.003940351885032146
1983,0.003205651453442637
1984,0.000657505771213359
1985,0.0023538331139161387
1986,0.004129750241685791
1987,0.008311192521781778
1988,0.00034218032001262673
1989,0.003698083798952599
1990,0.0009591518952075929
1991,0.0009890943321981802
1992,0.0020150539913180218
1993,0.0015592880254081192
1994,0.0009753271320278655
1995,0.00023595291383047057
1996,0.0009260526298378162
1997,0.00042378256438260455
1998,0.005004562652150461
1999,0.00347607699814988
2000,0.0005763781338681185
2001,0.28804193344649553
2002,0.004912807761887367
2003,0.000974763529015965
2004,0.011763998137421326
2005,0.0004336119097083912
2006,0.00028898296846454003
2007,0.031332377400042785
2008,0.0011495362670931764
2009,0.0021253208978071533
2010,0.00034867298408769383
2011,0.0005398939078774365
2012,0.0024435137138741404
2013,0.000945864598126396
2014,0.004705704968142308
2015,0.001490407015702784
2016,0.00011379334559586891
2017,0.0013524073699465583
2018,0.008416415413993714
2019,0.08843997329321382
2020,0.0008318281341911149
2021,0.00288449087792405
2022,0.0022753112854694752
2023,0.0012100450338828807
2024,0.0012618475995960928
2025,0.018700409525380275
2026,0.0026161591792204656
2027,0.0013484283781661896
2028,0.00115942087082433
2029,0.007634344247732492
2030,0.001729148054106054
2031,0.0006159219107819701
2032,0.018416934963058226
2033,0.003563664327316602
2034,0.0005419681299392172
2035,0.00021020442218012077
2036,0.0044968067345229215
2037,0.0008456961777898539
2038,0.0003302883622600577
2039,0.0005275277852501389
2040,0.00029200857677560423
2041,2.3019105904744412
2042,0.001614570387759336
2043,0.16349381678063324
2044,0.047814259846936324
2045,0.004452164897397241
2046,0.2803432580124892
2047,0.0008897614503499636
2048,0.002263612677395337
2049,0.0024393386864724692
2050,0.007323771055893694
2051,0.05059551438950402
2052,0.000335648552304746
2053,0.003018616429692997
2054,0.03223728654951832
2055,0.028853053710735644
2056,0.0002723238428299045
2057,0.0006308198767362081
2058,0.018959992224774846
2059,0.0006633197028287844
2060,0.00011245233948344538
2061,0.44579845240942506
2062,0.004108143412386693
2063,0.003003654528788228
2064,0.00020925296897465615
2065,0.0026584104756495167
2066,0.012571307967683043
2067,0.0014260617545576945
2068,0.03291105894016072
2069,0.0018520038594760744
2070,0.0005295766837263569
2071,1.8003535792815988
2072,0.0055021753305382615
2073,0.0003317810884470394
2074,1.2161739284461317
2075,0.004134439906267382
2076,0.0007294158364030341
2077,0.0901445743913285
2078,0.0022095913784179093
2079,0.0003651727589379581
2080,0.0041491344652078484
2081,0.0041850893488815785
2082,0.00142584592606763
2083,0.001006827842614975
2084,0.002304481754096802
2085,0.0038236556988458133
2086,0.0007378876169955034
2087,0.0014246407813232622
2088,0.054639975471780455
2089,0.0008672750159632892
2090,0.0010613617659945393
2091,0.00188004148565748
2092,0.0005548267227476154
2093,0.0027558897424954216
2094,0.0010575574240640946
2095,0.0012604560353052321
2096,0.0037261865804613954
2097,0.0013784744523429927
2098,0.0012501558657779556
2099,0.005918078128854246
2100,0.008844450428250463
2101,0.0030041309036832513
2102,0.00042755571572818064
2103,0.003874724946146824
2104,0.0004894947477768977
2105,0.0005323195862121673
2106,0.00029533273019222535
2107,0.002626241961514315
2108,0.3241393752857115
2109,0.00017719474765761611
2110,0.00844435448962054
2111,0.0002117779103959995
2112,0.10252408574492249
2113,0.00041279295605496343
2114,0.002868809972269234
2115,0.08056479177542249
2116,0.119998542175174
2117,0.00018249093357744153
2118,0.0009284130752213269
2119,0.0011565712966447883
2120,0.8926872974638628
2121,0.0007075033474706584
2122,0.0004524453934451044
2123,0.001241290995254761
2124,0.002892330557274314
2125,0.0009765812753542475
2126,0.00021540306075083679
2127,0.0006874388833168905
2128,0.04289353850038927
2129,0.0019516759692734878
2130,0.003951935642606526
2131,0.0008380860446859218
2132,0.0016868440385732386
2133,0.0013479647452900414
2134,0.00029222112627559806
2135,0.0007232308398983759
2136,0.0033975404604576318
2137,0.003776694820589291
2138,0.0011275608855876354
2139,0.023070263299185156
2140,0.2583858583692731
2141,0.000996629982342197
2142,0.0004230045284123925
2143,0.013317971503844627
2144,0.0008072453973871346
2145,0.0006185308244827898
2146,0.00045183865754722607
2147,0.0006490693931417716
2148,0.012548689461597566
2149,0.006752424247097085
2150,0.002871206652143357
2151,0.003176518557115632
2152,0.0036275724072292676
2153,0.06915278515912866
2154,0.005027719204079362
2155,0.00037117272242955977
2156,0.0029848084647270978
2157,0.0014591101314541262
2158,0.0002113686069597042
2159,0.0006483458351848059
2160,0.0009153553318940603
2161,0.00032736089479840357
2162,0.002319528922738321
2163,0.008659678549930699
2164,0.00029595817112844526
2165,0.0012226586523940751
2166,0.002385677454811839
2167,0.0003993206221026525
2168,0.0031018727259285355
2169,0.11102800407996274
2170,0.000262785475552671
2171,0.0003639676362441521
2172,0.01642661408236776
2173,0.0004411067511757415
2174,0.00036555211734969496
2175,0.0065550416845906205
2176,0.0026316084770368047
2177,0.0008999798062859495
2178,0.0027053496156534303
2179,0.0008631772832110558
2180,0.00036668584762427036
2181,0.0019327673506108604
2182,1.6823476665182173
2183,0.02819683819548387
2184,0.8129985085781333
2185,0.000740350990540271
2186,0.011599853463569596
2187,0.0024729071395635624
2188,0.002621282456778644
2189,0.0002514447970110273
2190,0.00032635898797848755
2191,0.009259341513548526
2192,0.002135608994006631
2193,0.019586063449672515
2194,0.0014662049134162919
2195,0.02507423948472701
2196,0.03860216571132965
2197,0.00013905640941676373
2198,0.00023770356171315754
2199,0.0008586065226888317
2200,9.242161186343584e-05
2201,0.01364718065724333
2202,0.06791757848950572
2203,0.0026085745709245574
2204,0.00258568996887441
2205,0.0003174741644006196
2206,0.0007176824714387579
2207,0.0015879814463364578
2208,0.20856397668124346
2209,0.0018255316307907734
2210,0.000588710025055596
2211,0.07962639739906724
2212,0.002627162484500882
2213,0.0006456739498549979
2214,1.1148409009036033
2215,0.0004996811182336772
2216,0.012363257077902928
2217,0.0005343559766340946
2218,0.006610472585705437
2219,0.006414209595198918
2220,0.004258202603006408
2221,0.0004986215453919408
2222,0.0013741335176063391
2223,0.3857238516311305
2224,0.0025905757890837596
2225,0.00230818430020855
2226,0.0005553303288905672
2227,0.00020055409361895154
2228,0.003909783894755179
2229,0.004796879076563026
2230,7.202507497016254e-05
2231,0.0016797915421551581
2232,0.006162872715720781
2233,0.00038875474956496137
2234,0.0035518258436936607
2235,0.00044289880482273233
2236,0.02315524482901949
2237,0.0013037677984232548
2238,0.001961244190089682
2239,0.007207288994880744
2240,0.00038430081646660414
2241,0.28506871976291503
2242,0.007135352070296816
2243,0.000417838250426749
2244,0.006612975418558694
2245,0.0031181803833817724
2246,0.0004138765434373626
2247,0.0015797425956273455
2248,0.11729436990775319
2249,0.0004728943008491505
2250,0.00018199492915306156
2251,0.0016381940074365745
2252,0.0026973738460917577
2253,0.612457391742539
2254,1.2725817423219505
2255,0.004744762271717586
2256,0.0049017703072592005
2257,0.0014347541015464922
2258,0.022446179413582762
2259,0.0018083730416620575
2260,1.5656721959481021
2261,0.004056106516094337
2262,0.0002474255785800703
2263,0.034194022335383434
2264,0.0017740766688744698
2265,0.0006573356403196507
2266,0.002544525096504314
2267,0.0013989163418440154
2268,0.17367946817141983
2269,0.0025874194452078824
2270,0.004375029417967745
2271,0.02361254107257051
2272,0.12045761638987196
2273,0.0006640464551589697
2274,0.00038995319967170117
2275,0.015435034463692992
2276,0.0466471156495709
2277,0.009629861326827801
2278,0.0003255298927227983
2279,0.0032258042676644168
2280,0.0012303221611233257
2281,0.004186565290231816
2282,0.08508919945392181
2283,0.002796252107793487
2284,0.2867647933923511
2285,0.23520771750966982
2286,0.0017112863425547437
2287,0.0021548128318102976
2288,0.000850667761110102
2289,0.2224011446470971
2290,0.0052173648474664125
2291,0.0012949188812686697
2292,0.00387143178220041
2293,0.0023461918380417246
2294,0.0022891961000261122
2295,0.00192419479548397
2296,0.0020251116439187382
2297,0.005304115191707094
2298,0.001393142761829057
2299,1.3497207471581836
2300,1.0595068894203368
2301,0.001937648605396943
2302,0.00032135322032129097
2303,0.029569178736759388
2304,0.0001463268638999879
2305,0.0010443514307428873
2306,0.021581390772017324
2307,0.0018210764775887696
2308,0.006502519362566457
2309,0.40259369422063696
2310,0.0005376996436183445
2311,0.0015854473492918134
2312,0.03970314071359369
2313,0.0015022429112695032
2314,0.0723677980873973
2315,0.011029711971224657
2316,0.01400878323640828
2317,0.0010903002537999214
2318,0.0004213900000996634
2319,0.04898117693261806
2320,0.007169707103085481
2321,0.0005850514439082399
2322,0.00035295159245987457
2323,0.000160162510576506
2324,0.0007965392895481225
2325,0.06625721377779305
2326,0.00027826247493468364
2327,0.0003635046688037194
2328,4.089437085950806
2329,0.000771771251063076
2330,0.0006500380853981351
2331,0.006134450226858431
2332,0.0011473835103003919
2333,0.16972020137568733
2334,0.17981493043777858
2335,0.0003265636577835462
2336,0.0007280982576693268
2337,0.002850809309619783
2338,0.00560420765889016
2339,0.0014212215662701955
2340,0.005238959580161261
2341,0.0005181645400411608
2342,0.00019609627128452578
2343,0.2950962120715444
2344,0.5386236021927633
2345,0.001008507887113716
2346,0.0004215439567722193
2347,0.03125086570707373
2348,0.0014308070813258912
2349,0.0011391788540626076
2350,0.004825908436822789
2351,0.0020588231630948666
2352,3.669180288828506
2353,0.0005244004817825044
2354,0.007741050967640494
2355,0.0008385647364859335
2356,0.0006771390076643508
2357,0.0004944650713172819
2358,0.0004833592554961338
2359,0.0036351328125804718
2360,0.0008578494396072263
2361,0.0007117816009336996
2362,0.001616101488037585
2363,0.30165214353555786
2364,0.033927437550069724
2365,0.0032079832328926207
2366,0.0007597807029373349
2367,0.005943825092348016
2368,0.001356847117902616
2369,0.0004036526124913434
2370,0.0011643458995122735
2371,0.0017191822054414404
2372,0.0009068926046625209
2373,0.0005537155041679288
2374,0.0010950439619160284
2375,0.0003798670794419045
2376,0.0006450512210963088
2377,0.00014302888469290456
2378,0.0007533394076609468
2379,0.00022803924707122237
2380,0.0001189607473160808
2381,0.00043089236427495037
2382,0.0029787819193884354
2383,0.00955487007771485
2384,0.0007474145276878113
2385,0.16245689496331014
2386,0.001388731660029754
2387,0.0002438172345423612
2388,0.0011248752966978278
2389,0.00040329161184087816
2390,0.002853851401264731
2391,0.004206257098681834
2392,0.010213023645991623
2393,0.0018418440095631975
2394,0.0027122306265403647
2395,0.014462315545799215
2396,0.00028863932943717306
2397,0.0012409488478754747
2398,0.0006602716046130666
2399,0.004387060912934096
2400,0.001622812273809001
2401,0.0004719461162592477
2402,0.010303339203925248
2403,0.0005755664079285032
2404,0.0011427444620912414
2405,0.0011661638964117207
2406,0.00019014842677810213
2407,0.0007629351398903144
2408,0.00043495894701521304
2409,0.0014917938956612647
2410,0.000503098083674789
2411,0.14063608387357765
2412,0.0009983027378538964
2413,0.0003523985707430501
2414,0.0006938698439844136
2415,0.0017116752877170869
2416,0.012196122706021101
2417,0.0015677247568111543
2418,0.36756625327267756
2419,0.0012436919114721307
2420,0.00014755791683526004
2421,0.0006473360564604248
2422,0.0006356331727700754
2423,0.046956654511148894
2424,0.002955164363256682
2425,0.0029741746665505856
2426,0.0010353420591233983
2427,0.0013303076999601165
2428,0.0016989716009043457
2429,0.0032295685079010753
2430,0.019086016607880892
2431,0.002190016976915694
2432,0.0006380612586218905
2433,0.012404432262874597
2434,0.0018003109568421702
2435,0.007743205016250194
2436,0.012331054003941928
2437,0.0004784527149505302
2438,0.005540315687499034
2439,0.0016697618355953022
2440,0.0011695003957378966
2441,0.0030494077822807676
2442,0.00016265192356202141
2443,0.0015961634192651142
2444,0.0037391049064636707
2445,0.0006093656511792967
2446,0.0010387962613537989
2447,0.0010272349519455776
2448,0.0004951036895169658
2449,0.0129333870429636
2450,0.7112548588667411
2451,0.08482588118357008
2452,0.007824296743852498
2453,0.001987482724313382
2454,0.030378617489485067
2455,0.009416168420635383
2456,0.00017117603647288018
2457,0.00029077062076593826
2458,0.004256330331562015
2459,0.0003707325161486192
2460,0.03459603258561277
2461,0.0019506876510770404
2462,0.00023602592723179357
2463,0.001749313616188527
2464,0.0002505870985845671
2465,0.0051501391675208945
2466,0.07266068205563739
2467,0.00035126592503731125
2468,0.02344715693721622
2469,0.0023558149062559955
2470,0.08785260532379302
2471,0.4689863798723528
2472,0.001100319390465184
2473,0.0013739326571769338
2474,0.0012192494633465822
2475,0.0002132171515168474
2476,0.000823194790924395
2477,0.000583286176877603
2478,0.003942741438779666
2479,0.00028849521334973506
2480,0.0052474617891054365
2481,0.001034019878581649
2482,1.6245423922988445
2483,0.006598943797300904
2484,0.004102908090294171
2485,0.004453414273910714
2486,0.17485735639698774
2487,0.0008680748479683739
2488,0.05748120661954342
2489,0.0029397330074107057
2490,0.0007008125966331009
2491,0.001972918877286907
2492,0.002309010410794899
2493,0.012383563799730955
2494,0.0017329210472453187
2495,0.0006637614483736422
2496,0.00026409755206154305
2497,0.00035321430691634105
2498,0.0018652542486476572
2499,0.0045569741428085776
2500,0.0031218662222478053
2501,0.009458017443055486
2502,0.026270982855878845
2503,0.0019943132587007966
2504,0.0004715843647720511
2505,0.0004103905560777291
2506,0.0002979704769065632
2507,1.9525556254227467
2508,0.00040867162998498767
2509,0.02394608208323637
2510,0.0031084916407877346
2511,0.030128589907730815
2512,0.0004578522062194104
2513,0.0796851589157818
2514,0.16876012655033829
2515,0.0021438478023452587
2516,8.766152966710044e-05
2517,0.0016610418276157104
2518,0.020254716680961078
2519,0.00044739215482833403
2520,0.0009015949764557784
2521,0.0008950435411615545
2522,0.0025854431785488716
2523,0.0008923275897372168
2524,0.009303263427290947
2525,0.0005834588263978329
2526,0.0173319836427539
2527,0.007011816906584547
2528,0.002385211909557867
2529,0.0012718257997688539
2530,0.0007741323150834977
2531,0.0022665616350492864
2532,0.0039052842153130575
2533,0.10745347010447366
2534,0.008995674803517713
2535,0.0005520780422252135
2536,0.0018175376273992724
2537,0.0025534588280995306
2538,0.004649729381813414
2539,0.09305253690875227
2540,0.001473114554575814
2541,0.006050378243234804
2542,0.010314792745809372
2543,0.0021899376586489027
2544,0.0007542588098438737
2545,0.019885077455493352
2546,0.0005069976717725048
2547,7.218781585090007e-05
2548,0.00022313577008370087
2549,0.0012242474650857203
2550,0.0007454401684217183
2551,0.46179540324947854
2552,0.003313523052008672
2553,0.09057457130869483
2554,0.0074305305921891305
2555,0.00040331609203848287
2556,0.015121533548946518
2557,0.0022662931455472704
2558,0.18287135378532368
2559,0.47989936367969993
2560,0.0007166382751510915
2561,0.00021404910097697484
2562,0.00404282385138191
2563,0.002133469370885832
2564,0.0001628410981238458
2565,0.009917515443298818
2566,0.0022531505397220663
2567,0.0011601484852548436
2568,0.002002935487829316
2569,0.0027467487304210516
2570,0.00020201428812122334
2571,0.003402959188581018
2572,0.03092947278495521
2573,0.00023870940969388524
2574,0.00235355146995891
2575,0.00040295941597505035
2576,0.0007769517483665116
2577,0.011296340973035732
2578,0.00013754748676876423
2579,0.0007106136953047045
2580,0.00016234852977668176
2581,0.0889307012280589
2582,0.5846533224461783
2583,0.004800951398478565
2584,0.00027925498836940064
2585,0.0020282012125140605
2586,0.0007191694848446275
2587,0.004640237774707195
2588,0.000488813612540416
2589,0.0012303607229641007
2590,0.009936941955085881
2591,0.005699031517581854
2592,0.0001884810901316849
2593,0.011921264845240602
2594,0.001213505026991124
2595,0.008281543257822925
2596,0.00219369698762123
2597,0.00526414207121136
2598,0.004934423342991509
2599,0.0215394128286003
2600,0.003414427272206527
2601,0.0002313322560810403
2602,0.004332077994066652
2603,0.0040054637931637915
2604,8.53996099108692e-05
2605,0.0017389303108887079
2606,0.0008202345321026535
2607,0.0005868010573954125
2608,0.0005152977674666302
2609,0.0028763973788525853
2610,0.003589771217574004
2611,0.001191315373022625
2612,0.0011447202123341957
2613,0.012506291908258969
2614,0.0006246502635534413
2615,0.00391976690079718
2616,1.4857420096087852
2617,0.014877243025622326
2618,0.0009431605148721724
2619,0.018011809007498703
2620,0.005983704639652171
2621,0.00658785214937573
2622,0.0030541758204653316
2623,0.0008076717527188582
2624,0.0022816293654087908
2625,0.0006553720943182102
2626,0.000490612749165666
2627,0.004371621915863855
2628,0.005509017386367818
2629,0.00042926214682847686
2630,0.0007250155097207632
2631,0.0003120201446757552
2632,0.016159694231147954
2633,0.0032504671562580013
2634,0.0050690100717211955
2635,0.05594804234260091
2636,0.0002625549146390474
2637,0.0017357426097003505
2638,0.0024151887652285667
2639,0.000725335216273627
2640,0.0005515020064258644
2641,0.030005814304080954
2642,0.0002728301829953372
2643,0.0031123654487498612
2644,0.0022680487384554252
2645,0.009903544212521155
2646,0.0006014513555116461
2647,0.0020111817081778136
2648,0.0010969669978668857
2649,0.022135659125303613
2650,0.0007652922843311101
2651,0.004271803422606283
2652,0.05094413559312243
2653,0.0041843548821814906
2654,0.013632660387061008
2655,0.0005083439671307959
2656,0.002730235795257624
2657,0.0003319637650889413
2658,0.0002437304853636345
2659,0.07600226378859955
2660,0.5109742240292884
2661,0.0019065611071252089
2662,0.0015301131732102231
2663,0.22791392875391553
2664,0.004984918230139443
2665,0.0020184694058428413
2666,0.00585293714462051
2667,0.005431685497659092
2668,0.002224191509325798
2669,0.0006972942039162142
2670,0.0007090689533208028
2671,0.0048221963991769735
2672,0.0017505354365343613
2673,0.0005031408239096629
2674,0.001276448579523128
2675,0.0023796810001272483
2676,1.1166925330966966
2677,0.011343130402004744
2678,0.0009451183210319071
2679,0.00042867222382546533
2680,1.099355126302512
2681,0.0010422968862372288
2682,0.00019299227251702914
2683,0.0005548012749816962
2684,0.0008229110385874739
2685,0.001668821259882238
2686,0.05525887729607533
2687,0.13176039531562628
2688,0.0006506267693527488
2689,0.0007234888347973347
2690,0.0011825754604720593
2691,0.00037487326705973193
2692,0.003215166692120211
2693,0.0007747890162896941
2694,0.00020618076597531828
2695,0.019231549353736707
2696,0.004383177655004374
2697,0.0009728346114964408
2698,0.0024547908836740737
2699,0.001392226967094654
2700,0.0017215963230953566
2701,0.00031644013297480583
2702,0.0011039091813683526
2703,0.017417091633776135
2704,0.0009004782787523035
2705,0.0005069358076585576
2706,0.00013474900814781682
2707,1.1554224367539347
2708,0.0008325191422205753
2709,0.0021814882695515682
2710,0.051122473557944755
2711,0.00043221559053273465
2712,0.026305159304596783
2713,0.0005913607962231675
2714,0.00013207030438097252
2715,0.0004482875357860899
2716,0.0010940875010203518
2717,0.00043623126447548625
2718,0.023769680846477733
2719,0.0012749184367746704
2720,0.00026825815366732475
2721,0.0037617134025035802
2722,0.0002066109579573864
2723,0.0030136101683321246
2724,0.0006981643581213311
2725,0.002380396120930614
2726,0.0020349251206226954
2727,0.0015009918881849422
2728,0.0006692595293986771
2729,0.00024674624195315553
2730,0.004469716960787554
2731,0.0005758691504729979
2732,0.0006574115907746974
2733,0.0022979734677614993
2734,0.0006111648512675149
2735,0.0006782060799836691
2736,0.005656168182939813
2737,0.005020221820314082
2738,0.0016706320431808192
2739,0.0014681318837643938
2740,0.01181075520039386
2741,0.00030212529499827487
2742,0.0008530854798513826
2743,0.0016318755746791373
2744,0.009003357184707649
2745,0.0002476005698840399
2746,0.012713037714883997
2747,0.0008111330739652727
2748,0.0011073979282379101
2749,0.001423729539282378
2750,0.00903851421886192
2751,0.0002739966375238759
2752,0.004186338586077729
2753,0.00969469993502982
2754,0.0004878095006291865
2755,0.00029674439272249443
2756,0.00022922388305785546
2757,0.0014773756920594982
2758,0.0010177864413632508
2759,0.0005475375321046959
2760,0.0012926475080029102
2761,0.017631161970627425
2762,0.0011108958793939563
2763,0.00023252029544301454
2764,0.052274576159776785
2765,0.0017856333242986713
2766,0.0032261243482018882
2767,0.00043091653465327146
2768,0.0004471089524809994
2769,0.0063066493683517685
2770,0.0017324275447989995
2771,0.0009497734046004164
2772,0.06392241594253432
2773,0.0009382028252023106
2774,0.004156180617227988
2775,0.0023513203484155725
2776,0.0010244904598366758
2777,0.0012109794860028376
2778,0.04439102040039193
2779,0.0002834292120352175
2780,0.000602647754518382
2781,0.00528632252472651
2782,0.046541827893875336
2783,0.0005476507201618653
2784,0.00046152461700810086
2785,0.01268594819764971
2786,0.0001695244612871878
2787,0.00010677036616128559
2788,0.0008248926929316844
2789,0.028229034673705935
2790,0.0004084419422748407
2791,0.002350674983891678
2792,1.0964067396423407
2793,0.00019927935086780694
2794,0.0006354641579288052
2795,0.000593956891971374
2796,0.0018073315980528064
2797,0.10968415491901248
2798,0.001335605359959605
2799,0.00016670556355452521
2800,0.0014947753166316545
2801,0.00100892484388048
2802,0.0006995959910007005
2803,0.0014042820495623613
2804,0.0010397324140983284
2805,0.005866554452836806
2806,0.0012680439204691021
2807,0.00018557735928161325
2808,0.00031360834959083
2809,0.006487065995297311
2810,0.0010836594697947262
2811,0.18751676673879847
2812,0.00044256166047795424
2813,0.006351288646239543
2814,0.0010159887201170964
2815,0.009851378030868621
2816,0.0002806513192319998
2817,0.0032295292776943784
2818,0.0005739583468203969
2819,0.006555520549308487
2820,0.0037533843372696877
2821,0.011206169761361441
2822,0.00034301345003893535
2823,0.000636548381498407
2824,1.0957341432057657
2825,0.00023456491861387479
2826,0.0009014912191717642
2827,0.010236853128345332
2828,0.0005503204291796329
2829,0.000926481028963149
2830,0.0006466980493200683
2831,0.00011815716782717929
2832,0.00036745864402861216
2833,0.0005803080440804234
2834,0.0016301217277557931
2835,0.00033757912395558014
2836,0.0018010437853207308
2837,0.0010257989769942122
2838,0.0011277111128789928
2839,0.008279178176343344
2840,0.007483697097373546
2841,0.012452289410734374
2842,0.00015725477116997262
2843,0.0006087837486792367
2844,0.0006182799277569288
2845,0.0054636540768033285
2846,0.004579199409044301
2847,0.02985984877298366
2848,8.947147902296016e-05
2849,0.0009955951075738489
2850,0.03255667163930956
2851,0.05973541104436259
2852,0.00017516301133592172
2853,0.07705303560328895
2854,0.00040885575687509224
2855,0.019928727999280825
2856,0.0046545870732791145
2857,0.0013840665675921952
2858,0.00040211915558642416
2859,0.0031255929173072635
2860,0.0011640861856430768
2861,0.0010426834358333637
2862,0.0004777508259465001
2863,0.0038267911079674605
2864,0.9245499563837313
2865,0.008707946376932408
2866,0.00036254338380654086
2867,0.0036873648479344295
2868,0.0025448793983815754
2869,0.0004122664915960804
2870,0.0003841499922700375
2871,0.00023793394845868297
2872,0.02244611122297102
2873,0.0009977433622086974
2874,0.032889341401981485
2875,0.0046810340314969974
2876,0.07679230443867714
2877,0.00014406663785246606
2878,0.0010540115211101493
2879,0.000964125984322681
2880,1.656728184089713
2881,0.669281473787928
2882,0.028294072776032853
2883,0.0008449451870781262
2884,0.0018223700976517034
2885,0.0011027199530944966
2886,0.0008811901341291991
2887,0.00034056147475899066
2888,0.021763077708667613
2889,0.0006645573486717347
2890,0.0018208258353952496
2891,0.000662092894619577
2892,0.0006311142498690883
2893,0.006970791642242768
2894,0.0004168018131562548
2895,0.0120491262657408
2896,0.0015964720861356167
2897,0.013367403999556762
2898,0.0009403347371429285
2899,0.008204545378138237
2900,0.00026943061727825686
2901,0.0021523712225863683
2902,0.024558474491463787
2903,0.0004901275350569365
2904,0.000971873371226169
2905,0.005020153241222246
2906,0.04151137969487277
2907,0.006366418921328077
2908,0.00040522456748077064
2909,0.003144261163087775
2910,0.0017669605244276531
2911,0.00014725675721847327
2912,0.002292360730141498
2913,0.0589833374890525
2914,0.0001885642773302409
2915,0.005495490280233311
2916,0.012242574913249675
2917,0.0005166840322598249
2918,0.006161246847416865
2919,0.0011761336137146535
2920,0.000481472374946453
2921,0.0029044571747159314
2922,0.008149005774007408
2923,0.0006308470767985449
2924,0.0003415201941771346
2925,0.0007033515272362679
2926,0.008709442871849108
2927,0.008685422319245411
2928,0.002919455707717861
2929,0.0016476370700647574
2930,0.0026520901739356052
2931,0.1166095437055092
2932,0.003563525104130973
2933,0.0001830386903050654
2934,0.0004109364922241436
2935,0.013257480167912622
2936,0.0027490944097740048
2937,0.008653456534091757
2938,0.011388561690996616
2939,0.0005233721530466883
2940,8.843197438016452e-05
2941,0.022667288237042928
2942,7.087931016365779e-05
2943,0.0090511061626878
2944,0.002365564960588311
2945,0.0005512054220365151
2946,0.0012280657726410256
2947,0.026704495579942797
2948,0.35934947459563793
2949,0.005980060511076446
2950,0.0003565858552956489
2951,0.017684852977931736
2952,0.002990480277954113
2953,0.005019158780888686
2954,0.0004434050948335294
2955,0.5320814716976059
2956,0.0020942511412819992
2957,0.0025408018779365872
2958,0.0003178878445813898
2959,0.001834303662117152
2960,0.0009674817776893077
2961,0.000594192998800914
2962,0.010414915764452345
2963,0.00027227779481339356
2964,0.0005539237164902136
2965,0.018884239125818828
2966,0.0011044461097828588
2967,0.0004952102359864793
2968,0.00029666724856045707
2969,0.009225043980632208
2970,0.00036142918973488066
2971,0.0004961295125333728
2972,0.0006307071594035485
2973,0.0015518871932177505
2974,0.0006920898173456152
2975,0.009711357298060972
2976,0.0052742642051060214
2977,0.004723724035507173
2978,0.11635137267583595
2979,0.0006859594005256064
2980,0.0013024739165844721
2981,0.006333597248279572
2982,0.004728773323303178
2983,0.00036720532831383766
2984,0.00040061695078063436
2985,0.000511698340360138
2986,0.9331208071742986
2987,0.0027363210855325063
2988,0.0017540965258525496
2989,0.0007003350731299491
2990,0.030537404332854196
2991,0.022887409360967077
2992,0.1989858059232895
2993,0.07049170585749935
2994,0.0009169536942622224
2995,0.012812863690455752
2996,0.0009490594389733792
2997,0.0008564500930738568
2998,0.00020893699285873995
2999,0.000564862935282835
3000,0.0015717002693544009
3001,0.00020188943005847558
3002,0.0009093428096789035
3003,0.0011278242956850924
3004,0.0007274142198933868
3005,0.0034944883224761625
3006,0.0012034857820683203
3007,0.000498627491437758
3008,0.001767444266423276
3009,0.00012037567260448789
3010,0.027662501863741053
3011,0.0002659385288026825
3012,0.0006071353845143061
3013,0.09701072928926167
3014,0.00038913770973181055
3015,0.000504936930112627
3016,0.0006622381554702265
3017,0.000493502687666771
3018,0.011541132700066884
3019,0.3814536860500558
3020,0.136120143338725
3021,0.003065859263324928
3022,0.00041882651048156866
3023,0.02444135247193837
3024,0.00012204887726850682
3025,0.00023332877817962345
3026,0.0007714343778746757
3027,0.0005527945321712823
3028,0.0017109331729811478
3029,0.00016994510660272932
3030,0.004102032969749499
3031,0.002191947287238159
3032,0.01155270519003433
3033,0.0010080433843910586
3034,0.0009409670048699104
3035,0.0209844072616728
3036,0.0013329471890192299
3037,8.62369326768932e-05
3038,0.0019069589800561847
3039,0.016128835385568665
3040,0.017593751646972286
3041,0.000510960778075674
3042,0.0005005206557787535
3043,0.0007072150006273079
3044,0.0009400787431854854
3045,0.045759713489873295
3046,0.0017713367414161885
3047,0.00041425548493028303
3048,0.0030359439757175516
3049,0.031223620846578013
3050,0.0006547009524340841
3051,0.006056325571945785
3052,8.824217894082587e-05
3053,0.007073951551591446
3054,0.010212915249773068
3055,0.006777208484617459
3056,0.00046407288032954857
3057,0.0020307986933616714
3058,0.003827660969279983
3059,0.0004912447945884529
3060,0.006075547773355223
3061,0.0012486962001173997
3062,0.0015536312491024155
3063,0.0006691505358052842
3064,0.005165897973576135
3065,0.00023184439587270732
3066,0.0012653559956391511
3067,0.0005390325856543853
3068,0.0018392411058469583
3069,0.0005521946717433186
3070,0.0012846022443615173
3071,0.00048501250922654114
3072,0.06042883112490977
3073,0.00041543783223004464
3074,0.00027200203742199614
3075,0.0017619714008335148
3076,0.001652398696992245
3077,0.13482461161265608
3078,0.00030378674930741414
3079,0.000197763348385127
3080,0.0009456743193453626
3081,0.029678900263087133
3082,0.009105661918790784
3083,0.0025343494373762593
3084,0.0007344813801614951
3085,0.4466008002414118
3086,0.019487083757357804
3087,0.0009595900280970397
3088,0.011795506905295643
3089,0.0003463561209845349
3090,0.000279590947115348
3091,0.0007233787344039839
3092,0.0011496492163198908
3093,0.1301106054541067
3094,0.00028317426097587434
3095,0.0008003303255866618
3096,0.0007877709666898571
3097,0.00044277144813579454
3098,0.0009123172686242918
3099,0.0017830270795800508
3100,0.001494645367383546
3101,0.00382063244531736
3102,0.20391672799134597
3103,0.0012353623743248502
3104,0.0001745883093019628
3105,0.0010253842894654296
3106,0.004711550172753915
3107,0.0015193199940202484
3108,0.0005154471004415982
3109,0.0028089893682303694
3110,0.0008111730747600754
3111,0.035301978250425005
3112,0.00024064725760779005
3113,0.0006717053925866689
3114,0.033437134753820666
3115,0.00021810147003959875
3116,0.011489195234413632
3117,0.0009166140961541806
3118,0.027139606118583345
3119,0.0011492078132464697
3120,0.000572554541606101
3121,0.00031199613899207066
3122,0.005507547905736839
3123,0.0005831012445498744
3124,0.19604101225917026
3125,0.004043756872508161
3126,0.0010198229317402712
3127,0.0003243723891224159
3128,0.003643019202279082
3129,0.0004964139717280118
3130,0.004997753110705253
3131,0.002093181657259906
3132,0.0016215031938455044
3133,0.001557758543183832
3134,0.0005212621264202944
3135,0.0012016498643122459
3136,0.006178063964178848
3137,0.0001645433862231702
3138,0.0011341108430379474
3139,0.0010318043478850548
3140,0.00105515543867124
3141,0.0015718154714486334
3142,0.0009511579862149031
3143,0.001933134517904531
3144,0.0015165712380211139
3145,0.004309818106796064
3146,0.0012122518657274892
3147,0.00023574160670516373
3148,0.0025442501924945694
3149,0.0006769902940039666
3150,0.0030987391505910788
3151,0.005004626575917797
3152,0.0005047504896516382
3153,0.003515155122860916
3154,0.0012534259368923968
3155,0.00023859874630718112
3156,0.013666906028596453
3157,0.0007551313120145453
3158,0.02322468638471848
3159,0.0003456594826519279
3160,0.008432234400022538
3161,0.00044198476333989805
3162,0.00021341248190500354
3163,0.0024899304973950995
3164,0.0004643523217644434
3165,0.000310752712805185
3166,0.0004724169594755275
3167,0.007726887039245878
3168,0.005467084618243412
3169,0.001111827773092488
3170,0.015333719778111356
3171,0.001956488501581165
3172,0.0023281403992622654
3173,0.00021238365336024353
3174,0.0007110231620054425
3175,0.0008409422902707216
3176,0.0017517925677972316
3177,0.0014872204936589458
3178,0.27990218567861863
3179,0.0034946680582674692
3180,0.00032047225154634395
3181,0.05128020933715642
3182,0.004134118769147576
3183,0.0025918921892533094
3184,0.03552244528572899
3185,0.0020607803733761467
3186,0.0005237907966038082
3187,0.0036387664351472896
3188,0.0002716146659073203
3189,0.0018536769863211169
3190,0.0004490169967063713
3191,0.0005077907845798944
3192,0.00012821488846181904
3193,0.005114920283948459
3194,2.2968595529693285
3195,0.0003916059897162909
3196,0.05728817078245397
3197,0.0010751392007898556
3198,0.0025130441540115356
3199,0.003418876457876395
3200,0.006125816024862534
3201,0.0027393951772955254
3202,0.00038971115204275983
3203,0.0006493187155371124
3204,0.00024240686455991064
3205,0.0007427064819044038
3206,0.0012474351045353373
3207,0.03098536372278295
3208,0.0045627719779603275
3209,0.6487462074082223
3210,0.00029625529702965737
3211,0.0008065971231326225
3212,0.005024610640455785
3213,0.00035209248160835175
3214,0.0020729607991118435
3215,0.0056312665251844985
3216,0.0015074512569320177
3217,0.007888410412675932
3218,0.0005611666030992334
3219,0.0005913496337452562
3220,0.00020248135920876136
3221,0.0007020630428868196
3222,0.0022692952344316696
3223,0.00888691350806827
3224,0.0028382542607160418
3225,0.0007888729531035916
3226,0.29451123545971675
3227,0.002539820313859421
3228,0.0004795134718489619
3229,0.0004067955118258486
3230,0.0001803940909562438
3231,0.0015708758520048055
3232,0.0017669708999659716
3233,0.027121337359828877
3234,0.0002541073766800362
3235,0.00034139088122632255
3236,0.00473591969165674
3237,0.0001806764134242483
3238,0.0017785760180432993
3239,0.0013642414388598944
3240,0.0021612569977951706
3241,0.09082352949636055
3242,0.505610575606351
3243,0.0002739212639762878
3244,0.0009764982955848805
3245,0.020161326071673053
3246,0.003971675596273938
3247,0.001977022088694047
3248,0.0029566044582941776
3249,0.002193049160260623
3250,0.0010307804970195826
3251,0.00034967092213296136
3252,0.003690230828806921
3253,0.001089870723440136
3254,0.0002410537705136499
3255,0.0011771076573460963
3256,0.0038055501353344012
3257,9.389607553437233e-05
3258,0.00046161630196791913
3259,0.39669960339900384
3260,0.37615687109607204
3261,0.0015286865753437124
3262,0.00200555852521109
3263,0.0015984119107441972
3264,0.0010294729927171607
3265,0.00561905484772411
3266,0.008167077743263989
3267,0.0007079405543218083
3268,0.0005057138559676143
3269,0.005548333705839242
3270,0.000672176735695012
3271,0.0003769111811233546
3272,0.0017508012431754112
3273,0.0002547821125383344
3274,0.008304861936308472
3275,0.0018549657214198022
3276,0.0015819635668501326
3277,0.001430505945835131
3278,0.0009763404535905099
3279,0.0058559764004313146
3280,0.0006796171277755876
3281,0.008566149673805996
3282,0.0026426253238355196
3283,0.037606335806502605
3284,0.00636193023693063
3285,0.9235602852627365
3286,0.0027112354253224762
3287,0.0009182233149199395
3288,0.002126044757729775
3289,0.0072343413404760875
3290,0.013542158580339867
3291,0.0011916752592426724
3292,0.0001699812377703721
3293,0.00012795767288463147
3294,0.003027425400227907
3295,0.003150776687993127
3296,0.000623188177461655
3297,0.0006081738923393026
3298,0.002782808656807771
3299,0.0030143584628081676
3300,0.010992644155542724
3301,0.00693265588382309
3302,0.0016761880117166566
3303,0.03260628337637852
3304,0.00459992072124826
3305,0.013701515037693021
3306,0.0010278466672547582
3307,0.0008672155278348565
3308,0.00030343983362320483
3309,0.003140631700109159
3310,0.00944512774203726
3311,0.0016564346255371128
3312,0.0010607588357457998
3313,0.00010364701985374294
3314,0.0027865959363941734
3315,0.1081058053071139
3316,0.004306430051831529
3317,0.015832360308779544
3318,0.0013713609153178873
3319,0.010059175435674082
3320,0.00041119821699889844
3321,0.002116999417796432
3322,0.004143081227338581
3323,0.00022495815655364508
3324,0.023543391957377598
3325,0.2992642108767515
3326,0.9138158940563015
3327,0.0013821261469585259
3328,0.007908495611808652
3329,0.0031485930013720317
3330,0.01221440127553719
3331,0.0003019472018801812
3332,0.01490663310139813
3333,0.0008109847964535359
3334,0.0031585689905071035
3335,0.00011625644762704161
3336,0.0033849364163173207
3337,0.001129239518334225
3338,0.015619869808782766
3339,0.0012716686336412047
3340,0.000493877487869935
3341,0.00219948838383398
3342,0.01139810147002989
3343,0.0009902987721479635
3344,0.00019198677136399224
3345,0.0022175993628428883
3346,0.0010262774516168395
3347,0.0016027490234490163
3348,0.0006542991209294077
3349,0.0002817974361941905
3350,0.0004651034106682308
3351,0.001466457875812636
3352,7.688370762258548e-05
3353,0.009069229092532266
3354,0.08016422981272103
3355,0.00035521452820226905
3356,0.024878127391770023
3357,0.0024981848142127863
3358,0.00040834755926389343
3359,0.0020233024115127525
3360,0.0015740391868113248
3361,0.006296225925389293
3362,0.002257431358758049
3363,0.022173955968917664
3364,0.002412210154259524
3365,0.00028021610633298285
3366,0.0008110021086962765
3367,0.007391816724066244
3368,0.0036989014757705524
3369,0.00178877632215309
3370,0.005929989688021921
3371,0.0014420367470438643
3372,0.10865242555879107
3373,0.007640752783494332
3374,0.02823745450839274
3375,0.0007358303643425608
3376,0.00032866918444933815
3377,0.004296283098246668
3378,0.0022052495343373797
3379,0.0010058860667162973
3380,0.000589795755991252
3381,0.00018538282067284115
3382,0.0008129323567764072
3383,0.01347558140675383
3384,0.0003856882140618092
3385,0.002681997008418067
3386,0.0008458169777290851
3387,0.0022349588571542265
3388,0.0005260758675442642
3389,0.00035237206004490546
3390,0.09678186961132135
3391,0.0003424353716154196
3392,0.00020133573868783624
3393,0.009952977671933856
3394,0.0005201223793189447
3395,0.002043481860540291
3396,0.002667588952407131
3397,0.00021726389511496282
3398,0.6776233471416317
3399,0.0009751762669501193
3400,0.0016845234217937432
3401,0.005697753723780891
3402,0.0024160189962119773
3403,0.0074717376463993845
3404,0.0013439915875666055
3405,0.0010850232489325205
3406,0.0015417475362730995
3407,0.00026063949676386
3408,0.0002846320009396601
3409,0.02980970717439831
3410,0.00012288575687669916
3411,0.0008227991623224175
3412,0.001966244639097553
3413,0.19262071592964494
3414,0.004752365109021818
3415,0.000497677895073355
3416,0.0007443196871890864
3417,0.0026956300248350915
3418,0.010512670685160166
3419,0.00986407545352301
3420,0.5140087014124569
3421,0.0005193311057658733
3422,0.000999855432490651
3423,0.0007931827900228916
3424,0.0019685831130417724
3425,0.00016616723025997628
3426,0.014171401135820534
3427,0.0048432723222668495
3428,0.0012907044351412695
3429,0.07385269349794568
3430,0.012663012635740373
3431,0.0010714624806866802
3432,0.0050015800240419015
3433,0.009246859509901145
3434,0.0003892011197024598
3435,0.00022791056197998566
3436,0.00013076983750101774
3437,0.0006525019596032476
3438,0.0014275682852733509
3439,0.002162032624211257
3440,0.0001552918041907226
3441,0.0035066865056472968
3442,0.011320028411936458
3443,0.00020934060203373444
3444,0.00018573334241534103
3445,0.023237070375140032
3446,0.0003572889556083838
3447,0.0011925282732124089
3448,0.00029271966066405345
3449,0.013978775499317867
3450,0.001920553531240468
3451,0.004188191557069851
3452,0.0005116125800984721
3453,0.01928799920209969
3454,0.4333248117381408
3455,0.0008536818729250929
3456,0.0013952711285689938
3457,0.10470291707828142
3458,0.002906049090450479
3459,0.0007084358399079516
3460,0.0006655870333478987
3461,0.0013466582332066178
3462,0.01727849636457865
3463,0.0010920959785486093
3464,0.0002769974893928049
3465,0.003490775963915223
3466,0.00887567129658983
3467,0.008349907846961756
3468,0.0013106341803131283
3469,0.00945214174364367
3470,0.00032212901165684047
3471,0.0015689286960642946
3472,0.00025047921120001924
3473,0.0003294809848904333
3474,0.0003848527065274803
3475,0.0007748231942651606
3476,0.0030411180501287195
3477,0.0013411627459448162
3478,0.004164964441137486
3479,0.00036017967844976807
3480,0.00015374572588640272
3481,0.0013846983383072298
3482,0.0005075498998396631
3483,0.0021535201551749665
3484,0.0027136526841908606
3485,0.0010660148999641589
3486,0.0012439857966139451
3487,0.0019842323078587748
3488,0.027688054826601236
3489,0.00011148633501829106
3490,0.00015115724296173595
3491,0.004040468785223194
3492,0.000855983153679288
3493,0.003388920477033933
3494,0.05926114613785641
3495,0.0014384768497609447
3496,0.007298741633589827
3497,0.02858941516839561
3498,0.007214716336745116
3499,0.0001345332794446094
3500,0.0008146376536112486
3501,0.007398965178578112
3502,0.00026417635779809484
3503,0.0006671384312871538
3504,0.01530801101981347
3505,0.0010101618283685863
3506,0.0004127004142497571
3507,0.0017832986740802038
3508,0.002803035414713091
3509,0.00023051903022055012
3510,0.14708088420561616
3511,0.0006526415288342477
3512,0.008476028711220303
3513,0.0005862513175219869
3514,0.002201495526960228
3515,0.0006033123789206277
3516,0.0012288869510039134
3517,0.0006445332671330136
3518,0.003067054024923441
3519,0.0009937759589782001
3520,0.00011470753881705213
3521,0.0007191147689150101
3522,8.886931556697027e-05
3523,0.0012796747827025314
3524,0.0008454595376686703
3525,0.0004774214231521844
3526,0.0010821814583044651
3527,0.0007714625211552417
3528,0.0003107897541481773
3529,0.07318436819459129
3530,0.0007922590892528826
3531,0.0004914838344692162
3532,0.0011533915367629318
3533,0.0011102847871567653
3534,0.0005980151716443867
3535,0.3217990835556001
3536,0.004944937970325973
3537,0.00030547760865184633
3538,0.09083759938211251
3539,0.0014591826549346378
3540,0.00032344486199876267
3541,0.0008121983493009792
3542,0.005331653086976504
3543,0.0066445076096868436
3544,0.0007141539197430094
3545,0.8040759781705564
3546,0.5500802226223688
3547,0.003999690004065109
3548,0.00018722532407878652
3549,0.0008113998045563456
3550,0.001342779389690481
3551,0.7458219838993094
3552,0.0006050481117970087
3553,0.0024884424097028077
3554,0.007864416453628516
3555,0.008214031182225096
3556,0.0012362196181394244
3557,3.3332025805009513
3558,0.004160315557853243
3559,0.0024885176654113298
3560,0.0005449036116492382
3561,0.08871166720714063
3562,0.0007585310901566093
3563,0.001918491928905418
3564,0.04796235419174124
3565,0.0007131990306972115
3566,0.07747378628953576
3567,0.0004333958120330085
3568,0.005979638550245225
3569,0.0192452780261657
3570,0.00017092971926714669
3571,0.0003991136529546993
3572,0.0007911435661206259
3573,0.0010291465933648359
3574,0.014862008597417502
3575,0.05570749700637192
3576,0.00025211134226751485
3577,0.014874393946554518
3578,0.0025215783983173396
3579,0.00045201237605659554
3580,0.0017163169245660748
3581,0.0017529917872467396
3582,0.0020880027745445997
3583,0.0013702138357379115
3584,0.0014996222341943247
3585,1.6227299456851438
3586,0.0012442314918747316
3587,0.0018657344547322549
3588,0.0077300263288217486
3589,0.0004398484762083614
3590,0.02879907744321448
3591,0.015049826347479207
3592,0.0011559976615222716
3593,0.0028954905068076294
3594,4.621591805548482
3595,0.007719438721569707
3596,0.0023524538446463112
3597,0.038853886586280945
3598,0.0007322365045780371
3599,0.0031877995887036738
3600,0.000299284570587532
3601,0.03320427253325606
3602,0.0003781134336753031
3603,0.0002705150479577334
3604,0.02202253684505018
3605,0.0007994206877566727
3606,0.0011126462085618409
3607,0.0007872644389031923
3608,0.00633197418059899
3609,0.0030392899201480946
3610,0.0006118902298178186
3611,0.0007757153074621672
3612,0.01955308337819842
3613,0.02520308574539795
3614,0.003986650738589877
3615,0.0025433073520757785
3616,0.00318567213635257
3617,0.00035014685001314496
3618,0.002151118824486011
3619,0.0021447973546503594
3620,0.11337013713356031
3621,0.011293226263245342
3622,0.002522734686306896
3623,0.0005664894918383539
3624,0.004249311120313412
3625,0.0027392237631450227
3626,0.0009520596295356424
3627,0.014867810602379
3628,0.0004339138877537229
3629,0.001693552655420072
3630,0.002448916492336683
3631,0.0018903522906805403
3632,0.00129410805978313
3633,0.05880981616918488
3634,0.00030250200260358733
3635,0.0005824217114255723
3636,0.0002961477316088045
3637,0.00017566265574695347
3638,0.0005168716317459663
3639,0.000636253664784983
3640,0.0034817027419289863
3641,0.0061731775533761715
3642,0.00032348761681138546
3643,0.00041332130070344735
3644,0.023162959418054775
3645,0.0021174511262217303
3646,2.9195628827497244
3647,0.004854896763205631
3648,0.002087893841701501
3649,0.0004005034552795457
3650,0.003848223565051994
3651,0.0003081175991944718
3652,0.00042584974129465376
3653,0.0037108209454292797
3654,0.00026976397323108016
3655,0.007230617998120654
3656,0.00020625106753002076
3657,0.0010369685993786915
3658,0.004706715836840987
3659,0.045095391523699076
3660,0.0010005957278955003
3661,0.0269760152457261
3662,0.0009237973952591279
3663,0.25291903237792857
3664,0.010361895981508952
3665,0.0004193058971777904
3666,0.0006228884929269265
3667,0.00027009555030871346
3668,0.0010536776115635039
3669,0.0002269971962710783
3670,0.001956598863414785
3671,0.0007230421417933218
3672,0.0014759828832563284
3673,0.010392161321196944
3674,0.0003444173175826604
3675,0.00018441667902643197
3676,0.0009362062897854029
3677,0.0003751662440405328
3678,0.00101653943542969
3679,0.0007214508452978984
3680,0.0005209182942113197
3681,0.0003377127916739473
3682,0.0017461138505895169
3683,0.004304189687168047
3684,0.0011349239248973546
3685,0.0004834388883221701
3686,0.0007082509622701848
3687,0.001932956146182554
3688,0.006663314279022008
3689,0.0018669976329103316
3690,0.000805710945468017
3691,0.00040292228686349525
3692,0.0003176239248072035
3693,0.0006001653331147929
3694,0.0005437512363051289
3695,0.2597658981118016
3696,0.007156508605665174
3697,0.0027600126246035864
3698,0.0005666637145049285
3699,0.001467743819093511
3700,0.0011587084925394025
3701,0.0003673902532183126
3702,0.0016111699581532267
3703,0.00022259603898241187
3704,0.0008086266505178926
3705,0.0021088768936596445
3706,0.00043898136223583564
3707,0.006906863356913524
3708,0.0010165437836176711
3709,0.0009642794121287359
3710,0.0004670889309869908
3711,0.0007496329079100754
3712,0.00028877257774231554
3713,0.000528367201494274
3714,0.021207630927473086
3715,0.0002763460246938956
3716,0.0034413790263861863
3717,0.00016304268544018588
3718,0.0012867930826942892
3719,0.003427452846176927
3720,0.00280626265207003
3721,0.0011837706945704944
3722,0.0008083979056157735
3723,0.008666564117505153
3724,0.005303757390763588
3725,0.0005366931500869906
3726,0.021440817890639105
3727,0.004324060979773945
3728,0.0004001187727464522
3729,0.028933709095316295
3730,0.004628109408004642
3731,0.0005950553394810034
3732,0.000735631435219769
3733,0.0035126182432340795
3734,0.004113662564143541
3735,0.002094970287115299
3736,0.001858651309874172
3737,0.010096183410254264
3738,0.045914556206838146
3739,0.0008889615789187428
3740,0.0009454370798168611
3741,0.0025966644023098
3742,0.00011020280424365386
3743,0.0049795172810806415
3744,0.0016347537909044423
3745,0.001063937314951475
3746,0.0011896631007842471
3747,0.004545063198837318
3748,0.004368310575310027
3749,0.001257781985401674
3750,0.0018310472639261847
3751,0.00023132936302448873
3752,0.0006131159279445722
3753,0.0010390119013077971
3754,0.0016843908644017076
3755,0.00033297255133344196
3756,0.014397340481995405
3757,0.000707748894700795
3758,0.0036689848481279187
3759,0.010402020529192093
3760,0.004964591891096024
3761,0.0019324561722599905
3762,0.00023389290631763404
3763,0.0007719126404515546
3764,0.0037141010896215776
3765,0.026820982822589542
3766,0.016925127504604967
3767,0.0007958883874071295
3768,0.0018576174130896293
3769,0.00041512940325504267
3770,0.0023838005805048926
3771,0.0014930364663477778
3772,0.0026230208884005816
3773,0.008974085102722651
3774,0.05400878057378708
3775,0.001778185815694154
3776,0.0029157429369247685
3777,0.00024112734610206468
3778,0.0004321157336355918
3779,0.0014295200135058125
3780,0.0024394001404682516
3781,0.0015291771125175086
3782,0.007971643925912254
3783,0.0019887352587905473
3784,0.0007819010162863276
3785,0.0014446387832397368
3786,0.0009327961001093755
3787,0.0004109136530798178
3788,0.00279625727614796
3789,0.004789371209509899
3790,0.0004459802885807468
3791,0.00036635711031295245
3792,0.00036736136845905403
3793,0.00019435569688341895
3794,0.0030193991329386088
3795,0.0009291346260427032
3796,0.001302172073348078
3797,0.0033241721877521305
3798,0.5218025300216556
3799,0.0007753453033210257
3800,0.00036334226021930504
3801,0.00013442338457266993
3802,0.0010073452508789443
3803,0.004393979216868536
3804,0.000287968487542167
3805,0.011458461414502075
3806,0.0003975719908584221
3807,0.0032358529128560204
3808,0.10223255536416992
3809,0.0016143511272186327
3810,0.0016170476034545111
3811,0.0030497227151904532
3812,0.0019244157551968925
3813,0.000908262264745056
3814,0.003727719764290151
3815,0.0021947631202210295
3816,0.0012800133783430578
3817,0.00111918922896223
3818,0.00164331549213014
3819,0.0001272067700270827
3820,0.007746335397182158
3821,0.0006407761808022844
3822,0.00046914464468838103
3823,0.038507543104965604
3824,0.010005432760597026
3825,0.000554500122394445
3826,0.0012034246162464831
3827,0.001559134851634326
3828,0.00019819563935593245
3829,0.0007438870093894451
3830,0.0006151444512443988
3831,0.5952562408313337
3832,0.0009227231073472463
3833,0.0007960767378900073
3834,0.008592009057710796
3835,0.0019229171018649125
3836,0.001920477477410523
3837,0.00043938442035638134
3838,0.00018062907448795
3839,0.002521589524855484
3840,0.0062022011628188696
3841,0.00013178719655098276
3842,0.0004446855942141739
3843,7.56509220954074e-05
3844,0.004528948436856828
3845,0.00034749594392660584
3846,0.02545666913608659
3847,0.0016469182335182076
3848,0.00030145875434634526
3849,0.005274912699256321
3850,0.0003466123620782999
3851,0.010162476159585312
3852,0.008609773583404992
3853,0.004037306123147413
3854,0.0017931100747183317
3855,0.0029142853984010435
3856,0.0005603040225445146
3857,0.001483389538989485
3858,0.010905426352831435
3859,0.00035158332650353844
3860,0.00404392145289098
3861,0.0011724838218789945
3862,0.0009979974689353938
3863,0.0016324251422897022
3864,0.0038765603815363267
3865,0.0027201012162262673
3866,0.0005737808168050721
3867,0.0013903767763371133
3868,0.002169148054838766
3869,0.000753412355409744
3870,0.005550918576398888
3871,0.0014475890092258681
3872,0.005226273228127322
3873,0.0008136384839791466
3874,0.007729144283699397
3875,0.0011005847346209738
3876,0.0045626827620158
3877,0.0015557854415111654
3878,0.0002617634699718679
3879,0.4750896689546244
3880,0.0013458484172515083
3881,0.0011579588916892476
3882,0.0006993283109939009
3883,0.027356124928623778
3884,0.002914923440897551
3885,0.0004069986690599895
3886,0.014158148379918417
3887,0.00520186001397058
3888,0.0003802561199377095
3889,0.20316389484657266
3890,0.00113005053408769
3891,1.3559233708067135
3892,0.01976856478887075
3893,0.00079772828371146
3894,0.000508296548499145
3895,0.003426083210522822
3896,0.27940733164278236
3897,0.0009793124752185704
3898,0.003811955277415154
3899,0.0014040646180045664
3900,0.0005040979921539844
3901,0.002827956666168712
3902,0.0016002115555067396
3903,0.0013875372959992827
3904,0.018514374371837693
3905,0.0894267562683157
3906,0.0013977993855988687
3907,0.009374254501075582
3908,0.0006639447980992898
3909,0.0010966548026446435
3910,0.0007950310784343724
3911,0.0009785009445061911
3912,0.007978748793026359
3913,0.008041246622298047
3914,0.0015468097335106126
3915,0.000371606002579222
3916,0.00014808070220580788
3917,0.030455995717884626
3918,0.00040042938841959623
3919,0.0016773976441887544
3920,0.0017444305231835865
3921,0.006693218440042381
3922,0.00034622828914195877
3923,0.0004237910816169559
3924,0.0003992226457312772
3925,0.0003518329528106529
3926,0.015240799102653153
3927,0.001112669949206094
3928,0.0001112130882673659
3929,0.00253406514908272
3930,0.0001353300575539362
3931,0.0018490785171433395
3932,0.6229181096287628
3933,0.0024119799812806187
3934,0.0009807684319338664
3935,0.0006007796676721596
3936,0.0010083406340204901
3937,0.0012258503749471364
3938,0.0006885242244433228
3939,0.00011223950386198625
3940,0.0021027722652627494
3941,0.030030492244577194
3942,0.03962878656164182
3943,0.00026816075378532006
3944,0.000747485136770051
3945,0.0026636536339825516
3946,0.0006772883831873608
3947,0.0022892121643035886
3948,0.01856289426555521
3949,0.0008597361389105733
3950,0.0009800333618674147
3951,0.00045528165452649136
3952,0.0023393307022146407
3953,0.0020108894539580774
3954,0.0016210980991069619
3955,0.005107594923023389
3956,0.05035988916907582
3957,0.009884958869162006
3958,0.005800301949219896
3959,0.006840607824126322
3960,0.15864603660659288
3961,0.0008274962073277668
3962,0.0009497087076072241
3963,0.0006749325982974421
3964,0.00016943342574852238
3965,0.013645732551378582
3966,0.002003801387246215
3967,0.0006845791100155233
3968,0.0004184953054636911
3969,0.0008320568535183671
3970,0.007102112451162091
3971,0.002043183092979789
3972,0.024911552076715977
3973,0.004431722330640608
3974,0.004276609995341781
3975,0.00059424584703939
3976,0.007065052552373882
3977,0.004459524589426854
3978,0.004982693660826088
3979,0.00046553102136032956
3980,0.00030578245555451235
3981,0.07522053816906618
3982,0.0015334220009321593
3983,0.006045383597010925
3984,0.00022611331625069456
3985,0.0004893491676753025
3986,0.0011615331190528988
3987,0.0004857745819101012
3988,0.0003774382926973098
3989,0.0008135695534407092
3990,0.0002465524615425662
3991,0.001089373412837835
3992,0.0002763088088100233
3993,0.0038919265709009094
3994,0.0025707762017107916
3995,0.000514587284247541
3996,0.007212241728502811
3997,0.0007110275978304832
3998,0.0006064695642873528
3999,0.0009524974751609265
4000,0.0017225929734063115
4001,0.0007743677619612315
4002,0.003996780001485563
4003,0.0030634418614646033
4004,0.0012304797637243175
4005,0.0012813262571770897
4006,0.0004771774166025957
4007,0.0014630792442576297
4008,0.003608902535989939
4009,0.00533612840066521
4010,0.019752955043447446
4011,0.002044067159730211
4012,0.11237593917307394
4013,0.0002519840312593464
4014,0.04336604059062809
4015,0.0005257084179563074
4016,0.002645147004784895
4017,0.001328486018841387
4018,0.017926585111463694
4019,0.00034916895064073824
4020,0.036704054237360714
4021,0.012197622592865583
4022,0.001636526736926874
4023,0.003910750084454114
4024,0.00015459979732208339
4025,0.004288703380665347
4026,0.002105815322406852
4027,0.0021689120454831917
4028,0.0013340919640482756
4029,0.0008259351733731527
4030,0.0030421604318339734
4031,0.0019362040441251855
4032,0.00022895983368002753
4033,0.0025956549488161847
4034,0.00040356696990560207
4035,0.00042009953765311
4036,0.00016049669628639062
4037,0.011724622063887358
4038,0.0027285043451786583
4039,0.002843068657677883
4040,0.011087260988941451
4041,0.0003798127680056417
4042,0.0012386435335633127
4043,0.0002272989683405936
4044,0.0074524092640788926
4045,0.000653089063001489
4046,0.0014969399262574521
4047,0.09724128848121126
4048,0.0002840446957972692
4049,0.0008604222603132371
4050,0.12488825049971734
4051,0.0032071395102525194
4052,0.0002954394493227894
4053,0.004976517601149101
4054,0.04043129979180126
4055,0.00044875797458002957
4056,0.002614904581569938
4057,0.0014785143447651802
4058,0.001602893940430038
4059,0.000826064476656717
4060,0.00037111946793957597
4061,0.000249718698128386
4062,0.0016471267120532764
4063,0.0003831784090963525
4064,0.0009023599705847825
4065,0.00030276722868568856
4066,0.012103140559630594
4067,0.00041629482897972264
4068,0.0005828203635555717
4069,0.0004417373179832365
4070,0.0002700188601930269
4071,0.0004960415580040336
4072,0.17192932086395915
4073,0.0006923350982012485
4074,0.0007130126130198056
4075,0.00539461922308045
4076,0.002160931615350264
4077,0.0003584458386789182
4078,0.0015187545947322298
4079,0.0005757563086006115
4080,0.001076584296570394
4081,0.0007427802907789325
4082,0.0004997070511522796
4083,0.020616706283132294
4084,0.0012987661732924004
4085,0.000363727836835609
4086,0.0006661579382351905
4087,0.028319827065480332
4088,0.0007830793518073893
4089,0.001303034151049048
4090,0.014669802625163767
4091,0.00034601107314980877
4092,0.0033606534889489372
4093,0.00041539070622911514
4094,0.0003497065497065231
4095,0.0009118132154353307
4096,0.0035162705325951322
4097,0.0012082908605954587
4098,0.0012077342103363506
4099,0.002366847218745606
4100,0.00022504976065229978
4101,0.0007577013032055544
4102,0.0016283765788161358
4103,0.01181057221720833
4104,0.0029071651433187047
4105,0.006404119956531786
4106,0.003842581702611593
4107,0.005391345592044623
4108,0.00034728060217571093
4109,0.001480877461209688
4110,0.007743366132732675
4111,0.007028592817198943
4112,0.004745592166238041
4113,0.0033048317645859486
4114,0.0038770905757128725
4115,0.00030411722677250254
4116,0.0017997434193237738
4117,0.002264088077223604
4118,0.0006037264383978161
4119,0.003284383392392024
4120,0.001736740679156073
4121,0.0016320715918639143
4122,0.00033518956654633513
4123,0.0002713093663111169
4124,0.00425085660695881
4125,0.004316042358320943
4126,0.020395926312885462
4127,0.015956036793902163
4128,0.0021508231978432262
4129,0.10440664555040517
4130,0.0002214578114029878
4131,0.004411280873927523
4132,0.0022256824959966215
4133,0.002434057838801108
4134,0.0006333135495856455
4135,0.0008219368638106693
4136,0.00022227664545844465
4137,0.006162255154983284
4138,0.002381567093218833
4139,0.03194234552636873
4140,0.0027404169482395948
4141,0.001029375756277927
4142,0.002899873897011
4143,0.0011690792993854788
4144,0.00222158196153538
4145,0.00029423998916185893
4146,0.001489252489067674
4147,0.003757784875231451
4148,0.001063297772940914
4149,0.001093009664437523
4150,0.00033857956322339944
4151,0.03307287630749512
4152,0.000784289142128693
4153,0.003033098968628589
4154,0.0019216309028829575
4155,0.001539418275889123
4156,0.0006581060634541724
4157,0.5488769803266406
4158,0.0004394593536512438
4159,0.0010280781827713633
4160,0.0002684830175655459
4161,0.002978265953026765
4162,0.00247602634599048
4163,0.09886535682131037
4164,0.010511234481059836
4165,0.036393281629381866
4166,0.046656420914661
4167,0.03920956017950507
4168,0.00018730407341377802
4169,0.0008157443757325897
4170,0.0005102900823597646
4171,0.0031003495861419805
4172,0.0002628244088325511
4173,0.0031463734090173964
4174,0.0013065409703106696
4175,0.003443497139121292
4176,0.0005741618253448629
4177,0.0015880276749506146
4178,0.010045761302000071
4179,0.00267451130838072
4180,0.0022565978810348557
4181,0.00044860890398554064
4182,0.0021567037782126352
4183,0.0004970108025150289
4184,0.0017259969001285117
4185,0.0017674900802748163
4186,0.003697271192237086
4187,0.003859265863177504
4188,0.0008030644466637477
4189,0.001999211663228722
4190,0.0003976086277929318
4191,0.0003273128832882154
4192,0.029571173254230664
4193,0.0866717415063825
4194,0.0009163149657994848
4195,0.00030092512913126835
4196,0.010052422921087014
4197,0.0005375660331013879
4198,0.0004458035658744131
4199,0.001854320133875133
4200,0.00015318072428804598
4201,0.0004335605942630064
4202,0.0005768366204361261
4203,0.001054767177111729
4204,0.0010989444789796462
4205,0.0007201198372384622
4206,0.012786604798532735
4207,0.009784250971297506
4208,0.001402976136542369
4209,0.0010314961378188779
4210,0.00095165186517795
4211,0.010611202666533539
4212,0.0006634359921804581
4213,0.0009701970463642554
4214,0.006679508021688973
4215,0.0006545694786022126
4216,0.0014214552551474878
4217,0.0031539401914444016
4218,0.009482559710841434
4219,0.0011715728056466922
4220,0.017415722069140178
4221,0.0004371555628175153
4222,0.008413672715699797
4223,0.0013823493838788516
4224,0.0005813740242937281
4225,0.00084012040274011
4226,0.0033561142359846757
4227,0.005448174473724545
4228,0.0015088734221639238
4229,0.0074254519962102085
4230,0.011099565590836304
4231,0.0005958600567361336
4232,0.0031381204355459026
4233,0.26194922205697374
4234,0.00023493112378933348
4235,0.0008383428440791808
4236,0.00036030634339610253
4237,0.0013189096225668198
4238,0.003664328087214546
4239,0.0008692859670596918
4240,0.00012713980121516758
4241,0.0019113052764975777
4242,0.0010214144057899709
4243,0.00017098303026844534
4244,0.0008786267971393875
4245,0.0011162421992628555
4246,0.0008641568677571112
4247,0.0005377979205062617
4248,0.013949436122304875
4249,0.002823798357012737
4250,0.0006915927484226246
4251,0.0031118033920332893
4252,0.002018544219061197
4253,0.00024294366585841704
4254,0.0001681033478635362
4255,0.0002867531258504515
4256,0.0023519563975169305
4257,8.396513956447082e-05
4258,0.0022700380519308596
4259,0.0031879775394663946
4260,0.0008333181624782565
4261,0.0003094013831972099
4262,0.0005692591678496898
4263,0.02210112205039321
4264,0.0002407230703360995
4265,0.00017536492106414277
4266,0.1907340723894502
4267,0.00039650830165119513
4268,0.0007143376022390004
4269,0.0013313400888861156
4270,0.000830501428827743
4271,0.0003444378592285068
4272,0.0012598985822379202
4273,0.00017195979851726374
4274,0.000156761337700888
4275,0.009047405877797314
4276,0.04356701991294084
4277,0.002759793738801749
4278,0.00036678317305374617
4279,0.002736474460552806
4280,0.00023723005676552474
4281,0.00592946630584234
4282,0.01469180929699805
4283,0.00048105285095086515
4284,0.0002073090981729812
4285,0.011756541764478006
4286,0.001932137880016605
4287,0.011579811643256523
4288,0.005034676208925778
4289,0.0003401280761951793
4290,0.0001366201802714626
4291,0.00307029912765287
4292,0.0059132332503374265
4293,0.0007238144046871034
4294,0.006469591161351457
4295,0.00012555247629986207
4296,0.0003991215629146783
4297,0.0002334464516710489
4298,0.00032490130415111055
4299,0.0005587723112742447
4300,0.0015194235208032078
4301,0.0013342821818521247
4302,0.003982239227832754
4303,0.0007447494882791299
4304,0.35028686017946237
4305,0.012170403817055765
4306,0.0020467152420664872
4307,0.0005978098673824339
4308,0.0005513205519432201
4309,0.0012398578932693327
4310,0.0005246305010600368
4311,0.0021999136131031207
4312,0.0038067792386164813
4313,0.012795303769675049
4314,0.0007696822650233052
4315,0.02370216016075902
4316,0.0006151271900610438
4317,0.001484339092788782
4318,0.033606429299099454
4319,0.00028017418097192826
4320,0.017668154680840667
4321,0.0018670191362543571
4322,0.003197143826346878
4323,0.004449280426967274
4324,0.0022567362622215783
4325,0.0005391473207240195
4326,0.003467969932074823
4327,0.0006835797766432777
4328,0.010007285161349444
4329,0.0030896904583659407
4330,0.0031296301356636912
4331,0.000355516560506782
4332,0.021492041590521822
4333,0.0015561789140651915
4334,0.0002507859371572634
4335,0.23569318739638556
4336,0.0032491354883074823
4337,0.00014471921305565954
4338,0.0017160105588988168
4339,0.0038997593033983633
4340,0.0004175296145084414
4341,0.0016659439258652862
4342,0.04381379688782779
4343,0.00018062080543313231
4344,0.0003865446070805204
4345,0.008331222964613536
4346,0.00436345117253653
4347,0.014856177006674251
4348,0.0047131821349005185
4349,0.0017229258172898367
4350,0.003503739001719461
4351,0.0013537807900254003
4352,0.0019907354266586645
4353,0.0003763555187806926
4354,0.001190564701043555
4355,0.004076976359912082
4356,0.5095466440990704
4357,0.0013905909008711172
4358,0.005239724178386182
4359,0.0004607050697443807
4360,0.15988545117655875
4361,0.0032916630831694217
4362,0.0021136834348793234
4363,0.000674475153665432
4364,0.00017193703610159802
4365,0.0223367580391142
4366,0.012376832932364556
4367,0.004769473856968843
4368,0.009813653451019469
4369,0.039116734577921995
4370,0.004192028492209642
4371,0.0013473246083022699
4372,0.0011623231350150836
4373,0.0005077691021170816
4374,0.13744314709858177
4375,0.0017550714393273798
4376,0.0002276977910036907
4377,0.0014784189094534865
4378,0.0013958450442862218
4379,0.004081243448197295
4380,0.0004045040743815778
4381,0.0036270374200469213
4382,0.02455456380711316
4383,0.007327076602208064
4384,0.6805753635677897
4385,0.00995222837550566
4386,0.00038992977191660454
4387,0.0022734592915612663
4388,0.003254121879805653
4389,0.025398754830919936
4390,0.0019360989604469583
4391,0.006056216642501141
4392,0.006296433902630424
4393,0.0035735727190106324
4394,0.0041418147106519745
4395,0.002361568788468053
4396,0.0035520549355695006
4397,0.0011590324950699683
4398,0.0017540123918651726
4399,0.0027456526133812498
4400,0.0017685903917694507
4401,0.003123419528709106
4402,0.0015251727467438655
4403,0.0012800997526745406
4404,0.008014273456167844
4405,0.00021223714591497652
4406,0.0005916075622009242
4407,0.0001774938381228359
4408,0.00011737962444136888
4409,0.0005127582145588653
4410,0.001809595490347932
4411,0.002621271524563086
4412,0.0033889027654784047
4413,0.0015055144745184464
4414,0.36204583201032126
4415,0.11613406756408298
4416,0.0013600911800639981
4417,0.021175544215520908
4418,0.002378749873564659
4419,0.0006038888098984599
4420,0.021184116404331953
4421,0.010670954561592208
4422,0.34287348807345047
4423,0.08958334320843987
4424,0.0002502360066540694
4425,0.016615515579705108
4426,0.0048731287615724275
4427,0.06716590039795116
4428,0.0012288636344085775
4429,0.0019268402961871267
4430,0.011224414547104761
4431,0.0011892642088093877
4432,0.0002591224182151044
4433,0.00010749985227350825
4434,0.00023810528320192115
4435,0.0007089103289873786
4436,0.028894249765011534
4437,0.002481242094532865
4438,0.0021126588558698107
4439,0.0009322567584648313
4440,0.2020140355861757
4441,0.004359171385841499
4442,0.0034424374576986273
4443,0.00913545917224862
4444,0.003036496723033858
4445,0.013422023201044525
4446,0.11645206938158773
4447,0.10786212359385143
4448,0.0006353609071220126
4449,0.0005350245439016938
4450,0.00019963090373383772
4451,0.06118338922761957
4452,0.0020854460480748626
4453,0.0014156941187969572
4454,0.00030273286074974156
4455,0.0023201200816376703
4456,0.0002762461070916154
4457,0.0013116690556606925
4458,0.0004057717126827603
4459,0.00036409232631484846
4460,0.05148471024073199
4461,0.006846005467486733
4462,0.6118841544583596
4463,0.04765844887524951
4464,0.0006679513073788327
4465,0.0005519136978734316
4466,0.004351254941731608
4467,0.005312633830140699
4468,0.0006351192421595027
4469,0.01437079809970236
4470,0.0032118977447415644
4471,0.0010324572197454598
4472,0.09701366107203993
4473,0.0063745057512407735
4474,0.0010445834632973007
4475,0.1445441239871611
4476,1.431703930413558
4477,0.01148744891420203
4478,0.0021220885200565307
4479,0.001773650730218236
4480,0.0035595257575918977
4481,0.004262922594704921
4482,0.006125254320545609
4483,0.00033399630689414126
4484,0.00011679550631272004
4485,0.0026050045208703765
4486,0.00018579913189062443
4487,0.0013015361848039847
4488,0.06977540888158723
4489,0.0009034159041024035
4490,0.006614425366957755
4491,0.009339422749791198
4492,0.0008598926921449486
4493,0.0007594887313298883
4494,0.00025674992228634925
4495,0.0017148835237651746
4496,0.0002670218665064418
4497,0.0004279063362386587
4498,0.0005340174546590134
4499,0.00026516547733077114
4500,0.0026723388006696888
4501,0.0020819905749719964
4502,0.17238003489527196
4503,0.0004851968816124352
4504,0.008756398164086193
4505,0.017067851457750617
4506,0.014702597811128707
4507,0.001737652863063335
4508,0.12245195902736632
4509,0.013511270499336566
4510,0.00016578404188012546
4511,0.05184124849543025
4512,0.0004715823290883547
4513,0.0034446692915397967
4514,0.00026748659657540024
4515,0.0002940694638997543
4516,0.001241782826317994
4517,0.002308446938794972
4518,0.0016900238503057192
4519,0.0030523287514331522
4520,0.001667320325438805
4521,0.03196955418352865
4522,0.3926027985415044
4523,0.001858849335061409
4524,0.0003668275407657263
4525,0.0018255642547753666
4526,0.6018389263408203
4527,0.002564896201595208
4528,0.001279961612225004
4529,0.00311440943811519
4530,0.000966111066486261
4531,0.0037017603942969624
4532,0.004945380308065016
4533,0.0003861376558025986
4534,0.0002475929031065531
4535,0.016293849389717407
4536,0.00027171547923599405
4537,0.03753422761962208
4538,0.04233720308391626
4539,0.023808738362712287
4540,0.018396965783736795
4541,1.0361782616468682
4542,0.0006747018059757019
4543,0.07309156817680576
4544,0.002956512629406187
4545,0.000162416183708718
4546,0.0022024206135389367
4547,0.031628148383903695
4548,0.005937428862281831
4549,0.6252725079430566
4550,0.00332365165804201
4551,0.08586200392945822
4552,0.008571081544294621
4553,0.39960811674521923
4554,0.018750089872325848
4555,0.003860592963824855
4556,0.003462342361358059
4557,0.11576573112459783
4558,0.0029038005286191916
4559,0.00048385439319209236
4560,0.0007943548429982569
4561,0.0014942587072011917
4562,0.09165861199313531
4563,0.001086099878465956
4564,0.023991654643123472
4565,0.077474485289712
4566,0.031890690265160025
4567,0.00974396649755203
4568,0.0016705595698659826
4569,0.0024734774903759204
4570,0.006356928444545844
4571,1.5099918876000544
4572,0.0062523737460534546
4573,0.0030882847232633942
4574,0.011051630057098225
4575,0.0004920935043474081
4576,0.0003191830207217121
4577,0.00036681564061025
4578,0.007294467659201802
4579,0.03798773371210715
4580,0.009142542677415218
4581,0.000865650506577302
4582,0.00031609371470606276
4583,0.16935401158236282
4584,0.000453830650508114
4585,0.0025255654306582916
4586,0.11060520098582832
4587,0.0015782330439963839
4588,0.06284931611635473
4589,0.005460636952534489
4590,0.002424053857666502
4591,0.00657386639572735
4592,0.15231010256016703
4593,0.0022895099183628566
4594,0.010182110564989745
4595,0.00015886499609323127
4596,0.001131007695932737
4597,0.0010835071821525435
4598,0.001173117293222008
4599,0.0007024041918624607
4600,0.033415115856184584
4601,0.0011453167639341004
4602,0.014785104064568346
4603,0.06612429614100321
4604,0.005074779853113309
4605,0.007627950893507631
4606,0.2470096171173877
4607,0.0009309482382421512
4608,0.000950843552951653
4609,0.004572286610733176
4610,0.0190278778427648
4611,0.0021230497095101005
4612,0.0023613007291455623
4613,0.00039212758498842585
4614,0.001364992416244074
4615,0.00767513252690384
4616,0.004225887759088389
4617,0.0010589101656722191
4618,0.0021736236097479405
4619,0.0009482821357637669
4620,0.03603669277393711
4621,0.009776856431036266
4622,0.08144900866284185
4623,0.01192824566972516
4624,0.028612031992355506
4625,0.0009543551403066598
4626,0.0006835272197798055
4627,0.0011475325799783279
4628,0.0003806140943675689
4629,0.001043177275489025
4630,0.053441201846792505
4631,0.062458903098907906
4632,0.058969454194934046
4633,0.12614680531603706
4634,0.004237519977689212
4635,0.0013269391705754028
4636,0.00045763760351953225
4637,0.0028103568912437498
4638,0.0009273356116523056
4639,0.0072459594782878205
4640,0.003773241846013377
4641,0.0002589303387043091
4642,0.00025654550365808573
4643,0.00025679955206405364
4644,0.008817766214541877
4645,0.0003606102542322735
4646,0.0024602721969888297
4647,0.003314411928123084
4648,0.1658757651352629
4649,0.01028215539722735
4650,0.000413034396947574
4651,0.0001374866561196591
4652,0.0012800770090199362
4653,0.004863880162577996
4654,0.002318564612924151
4655,0.005015452564861657
4656,0.002601815446930637
4657,0.0015964339575286885
4658,0.002654269192326503
4659,0.0011138673168425226
4660,0.001161084042206707
4661,0.0025850691438245466
4662,0.0005903515253607741
4663,0.0023675009688311176
4664,0.0003947181128754658
4665,0.0007272664363669712
4666,0.00894075393545086
4667,0.0008475663160933991
4668,0.002559443435119306
4669,0.000457466880416595
4670,0.0023680051138622238
4671,0.00012610690591750563
4672,1.6224784638941143
4673,0.0065131735330906165
4674,0.0058393509392905794
4675,0.1087452536155338
4676,0.19728419704292524
4677,0.0022356262999993944
4678,0.00137256853362654
4679,0.002331537841305597
4680,0.0002840481665486748
4681,0.0006884916646644029
4682,0.10605896671921324
4683,0.0019330859710540954
4684,0.0004460446002061067
4685,0.0002951023470503104
4686,0.0007501322375905463
4687,0.0008971189110449791
4688,0.0008318345557301666
4689,0.00030105248998306487
4690,0.006592682789452387
4691,0.015512914349164693
4692,0.0007282315559421151
4693,0.0011622838775035744
4694,0.005438857366117585
4695,0.0016636824860285272
4696,0.0009605466148983875
4697,3.0157317809803244e-05
4698,0.01611742074770105
4699,0.0001968231290759839
4700,0.0007626637156527513
4701,0.00019347776907861137
4702,0.0009762189702660998
4703,0.0012304755616139613
4704,0.006942772897960949
4705,0.00683661586255247
4706,0.8807832813334101
4707,0.0041301835005701885
4708,0.00016951235184813868
4709,0.0008746486851142516
4710,0.000875830101716521
4711,0.0010355606330264596
4712,0.0006891516622369659
4713,0.0002877733600668706
4714,0.001966363045384241
4715,0.0010444193837426728
4716,0.004049260088359898
4717,0.00045061186020657184
4718,0.0009696824424336842
4719,0.0002533613080433275
4720,0.0006978157661423909
4721,0.1165439084634727
4722,0.0012151206836230142
4723,0.01117370573422323
4724,8.796443654924143e-05
4725,0.0009990039794771928
4726,0.0007934283210656884
4727,0.005942858874030691
4728,0.07555641525188744
4729,0.0014737971922977322
4730,0.0015743135597334696
4731,0.0011408824416310336
4732,0.002888613807196612
4733,0.0010243735695944982
4734,0.0010180024633403334
4735,0.00245573537501831
4736,0.0006518508790257475
4737,0.043322893555841784
4738,0.0002483885845393607
4739,0.03896834971558165
4740,0.0013195737922338437
4741,0.0024039345593844844
4742,0.015924184133082015
4743,0.0015739946411301277
4744,0.0037365396722117685
4745,0.009299543872281447
4746,0.0015717834214722631
4747,0.0005629509408999881
4748,0.0018595296562826434
4749,1.5099091575404506
4750,0.01845426819610147
4751,0.0005653452362747266
4752,0.003097292723692377
4753,0.001834027706147295
4754,0.0008178784270581782
4755,0.0011698212991919426
4756,0.00041564480432407236
4757,0.0013433107710735931
4758,0.00034792170907218015
4759,0.00033620935290178957
4760,0.0023515635951208633
4761,0.003486712817465334
4762,0.0008263483411753592
4763,0.0051069614976619335
4764,0.020837115747079308
4765,0.0009592142974841703
4766,0.003109407018802997
4767,0.0006037442271606665
4768,0.0004632133466109413
4769,0.0006318286431463264
4770,0.00181400246485507
4771,0.0009430612406923039
4772,0.001241529649175254
4773,0.0027259551870403957
4774,0.000881062878340551
4775,0.007885398738153469
4776,0.0005671072142404594
4777,0.0006336881837265535
4778,0.0045088872183597925
4779,0.0050193874731929156
4780,0.4934275257355458
4781,0.0008648861914541013
4782,0.0011246250754502459
4783,0.0007011857088538092
4784,0.09576726755750879
4785,0.0009887181713581848
4786,0.006378414756188768
4787,0.0003133699981608024
4788,0.0003626420101955678
4789,0.0027837751543228423
4790,0.001013460612581396
4791,0.0034443200068502585
4792,0.0033579919442588008
4793,0.0003963757046651644
4794,0.0006712003592291683
4795,0.0019202259117879175
4796,0.0007120715723120455
4797,0.00965816732964312
4798,0.0019875246657603102
4799,0.0004210195662519435
4800,0.0005696882019008255
4801,0.3243373708005078
4802,0.18796146739506797
4803,0.0017862563721063331
4804,0.0002695701035297464
4805,0.009710505759640156
4806,0.0010060252493125262
4807,0.000537997850540723
4808,0.001324295305715309
4809,0.0035435613409263863
4810,0.005755708368191836
4811,0.0005977329536627862
4812,0.004892106163461624
4813,0.0012238530448151319
4814,0.0002720239420616492
4815,0.0032106172331383335
4816,0.0002602183026639735
4817,0.00041282079612534246
4818,0.00044434173198234757
4819,0.0005576240442696126
4820,0.0006507517393166221
4821,0.0006165474124725168
4822,0.0019658816233605837
4823,0.0009145429306420656
4824,0.00047764556044411165
4825,0.0005423248974362163
4826,0.001120527228182637
4827,0.0008315601408752657
4828,0.0018709434408295342
4829,0.0021111841906325756
4830,0.000540204242507862
4831,0.001024319590272603
4832,0.00041762273053525396
4833,0.0003491683090794626
4834,0.00029199715507153434
4835,0.008027841592643978
4836,0.0020360235328428272
4837,0.0006701204804979654
4838,0.00047753093197311233
4839,0.0005079666254967023
4840,0.000885412547627744
4841,0.002286490277852702
4842,0.0030058800863561833
4843,0.0005576829407621987
4844,0.000529901100170027
4845,0.043280852537933207
4846,0.00042134898933091715
4847,0.002128063200634084
4848,0.018408293087764482
4849,0.0030073571931991715
4850,0.0036651151285685664
4851,0.0012394104455964697
4852,0.0003782725452882964
4853,0.004627277987473658
4854,0.0022259437128572053
4855,0.00031943481519492806
4856,0.00039809082800515774
4857,0.000344080440920196
4858,0.0027231487967979864
4859,0.003130838573991457
4860,0.003039454003547753
4861,0.0004770479092335329
4862,0.0030172084554624056
4863,0.0005055818308103132
4864,0.0008683085794174397
4865,0.0003793791260970345
4866,0.0013641810971924354
4867,0.001133462105026366
4868,0.0012829954722952768
4869,0.21493971368443748
4870,0.002849220335500695
4871,0.0010692999406616596
4872,0.0042679117846035185
4873,0.0020827910305006372
4874,0.0013117993553207442
4875,0.0004325332772546486
4876,0.0013031186307222971
4877,0.0021009298842147
4878,0.00043667518904803924
4879,0.00963431245062622
4880,0.0006573202778506769
4881,0.0003886878231827138
4882,0.003963308191308902
4883,0.03938585895544737
4884,0.0003872163610828403
4885,0.0028027471911839115
4886,0.011488368985280328
4887,0.001045349701259166
4888,0.00041564039117199735
4889,0.006816177458725401
4890,0.0017683670115512444
4891,0.007283398496449173
4892,0.0009387168289009901
4893,0.0008001503881517487
4894,0.0025788036074148764
4895,0.0225261496293575
4896,0.000847960804482606
4897,0.00031391142934817414
4898,0.00050365208912238
4899,0.0013381931091221682
4900,0.0004946165037600863
4901,0.002112661810215151
4902,0.0022849073698952374
4903,0.0006744690009078529
4904,0.0013695341395492647
4905,0.0006518213522595513
4906,0.0015106168817900344
4907,0.0006753485797266204
4908,0.0010468654033595828
4909,0.00031266385532186566
4910,0.003000116397968455
4911,0.0014975624292993643
4912,0.0004480423846040808
4913,0.06183753991969304
4914,0.001506573127168871
4915,0.00020840884688030255
4916,0.003051799205316446
4917,0.0005910426087046014
4918,0.0007053192597478977
4919,0.0005523917234934802
4920,0.0006522891160268718
4921,0.002193687177743143
4922,0.008755112500058813
4923,0.0015213004028380877
4924,0.003403823526130504
4925,0.0014992733035700675
4926,0.002216011521811925
4927,0.0009725061196590713
4928,0.0024988582307300974
4929,0.0003785843463179153
4930,0.0005284852958463364
4931,0.0014839470320164672
4932,0.0015759902004583676
4933,0.0004473537081044437
4934,0.0022966020659260043
4935,0.001097059360519212
4936,0.0005083530888651958
4937,0.0019474719833610145
4938,0.002280747149321222
4939,0.000535062665660689
4940,0.0006720479524344326
4941,0.0009617037048407558
4942,0.0005810776052673867
4943,0.0006012501798845148
4944,0.0016136761592412357
4945,0.0005529968807398141
4946,0.0006154434711726013
4947,0.0003721223848894147
4948,0.001272447310283629
4949,0.0004448746593292384
4950,0.001785365117495646
4951,0.0006662137956991068
4952,0.0009085599650296012
4953,0.0009610526370862231
4954,0.0005346821868227994
4955,0.00040148425558198073
4956,0.0008990029115848947
4957,0.0028742815201621714
4958,0.00021993465452012318
4959,0.0008152848450248436
4960,0.0014508418295252582
4961,0.0008049468656743787
4962,0.0005558410688961841
4963,0.0007811492277633801
4964,0.0005344937035804008
4965,0.000651211535803225
4966,0.0004699943088236861
4967,0.039366246599825176
4968,0.0010383355076735992
4969,0.0013205579585251973
4970,0.0028658193387962293
4971,0.001205663854397973
4972,0.0002469988292075844
4973,0.0003896954664756241
4974,0.0005140068862578513
4975,0.00048724487272260047
4976,0.0005929301021831093
4977,0.004023650006693535
4978,0.0012498775681732462
4979,0.00023818427121451684
4980,0.008194198429390257
4981,0.0009194696004326926
4982,0.0012738347679981186
4983,0.000956372772060619
4984,0.00024640542994845064
4985,0.0003271840565285479
4986,0.0004979806835872983
4987,0.0007581997606456944
4988,0.00040491634909893987
4989,0.0007968923635831201
4990,0.006981590224343103
4991,0.00040916145788385915
4992,0.005080217524690861
4993,0.0006272582088677368
4994,0.0039643834788712475
4995,0.00025856814416195075
4996,0.003230144044411903
4997,0.0003322859028025698
4998,0.0019109655700619275
4999,0.0022531629342762535
5000,0.0003014571639532927
5001,0.002048764459737196
5002,0.0010886207218492345
5003,0.0002911232272709717
5004,0.0010070571363986053
5005,0.0003322481616901984
5006,0.0004774056977660706
5007,0.0006393614852882655
5008,0.004145505671329432
5009,0.010582471172638915
5010,0.0005509224130288767
5011,0.0003807366625744234
5012,0.0017220344206481427
5013,0.009091123818761399
5014,0.01277492635721245
5015,0.0006837211424839757
5016,0.0017891923379018595
5017,0.001314808713618168
5018,0.0052537331767540645
5019,0.00028426873012670027
5020,0.0004967247165454068
5021,0.00033665787977629367
5022,0.0002902040043351317
5023,0.0004356020265958825
5024,0.07881788573606634
5025,0.0008179142183362924
5026,0.0028654525248736143
5027,0.000607778113007114
5028,0.0004219225998912748
5029,0.0004719176140196264
5030,0.002278442301856871
5031,0.000367371050001611
5032,0.0007100043854572156
5033,0.00042885626991160227
5034,0.0012306840964353021
5035,0.00041260295087257976
5036,0.0004687784063603655
5037,0.0007513013067173515
5038,0.0010081943668224574
5039,0.0004276117162953745
5040,0.0003787983167425707
5041,0.0005749626329345467
5042,0.000402698419157504
5043,0.0005266558613005116
5044,0.0019109655700619275
5045,0.002756015868830143
5046,0.0011460174038435426
5047,0.006857337576441302
5048,0.008323374059886104
5049,0.001469170101657756
5050,0.001228056350659905
5051,0.0004453065197957788
5052,0.0025720372953983123
5053,0.0006706349714213953
5054,0.00029252437022713124
5055,0.0017291509486265007
5056,0.0007428458029707508
5057,0.0003672281290498575
5058,0.0004547337663643947
5059,0.0005976268471251816
5060,0.000374446556462023
5061,0.001320629350940455
5062,0.000998901330414802
5063,0.0007287177872873015
5064,0.0004221502103247126
5065,0.0004060495586665902
5066,0.0015926985708204753
5067,0.0010440506215656814
5068,0.000553528805154011
5069,0.0006395661525899068
5070,0.0007106424703825284
5071,0.0027397598141193358
5072,0.00030259172902966753
5073,0.000682659308119163
5074,0.0007015904388560155
5075,0.0004929198118034844
5076,0.00028900406110160786
5077,0.0007325228641529623
5078,0.0006101665704857713
5079,0.0024657926418156536
5080,0.0015192065040966827
5081,0.0016176890367677456
5082,0.0040573668002110526
5083,0.0006812014430451003
5084,0.00023230136075878366
5085,0.0016268197732414048
5086,0.0017684676036089273
5087,0.0023181593205660747
5088,0.00023805682986646182
5089,0.0006985141631671021
5090,0.0022049221887232686
5091,0.00030790395556536777
5092,0.00022397392129630607
5093,0.001145444314587101
5094,0.0007304909734548794
5095,0.0008886731934588948
5096,0.0006915950330955368
5097,0.0007135404373264948
5098,0.0004470756325677071
5099,0.003612692553297518
5100,0.00023247624633641247
5101,0.0013013155747282645
5102,0.000929086497922793
5103,0.0009850995471299975
5104,0.000451899034784159
5105,0.0004798814863890402
5106,0.004201562273796026
5107,0.0024151538412482024
5108,0.019513744523911646
5109,0.00041122067563051563
5110,0.005175686147115739
5111,0.0007986727600789019
5112,0.020348063876181217
5113,0.0009261970273823187
5114,0.003196183680605028
5115,0.0010513641503095126
5116,0.0014219409263710203
5117,0.00042277951142845587
5118,0.0012575268553261243
5119,0.02002807427346999
5120,0.10922873087396469
5121,0.002816194402909967
5122,0.0035522296381680822
5123,0.03333038204363312
5124,0.0019490025643655318
5125,0.013444238780536808
5126,0.0028623992771510606
5127,0.0011027942746134648
5128,0.0007073626347711582
5129,0.0020978442932206107
5130,0.005909568448233088
5131,0.00010430089773169093
5132,0.0009302138905985572
5133,0.0015304816342100558
5134,0.08081996811777982
5135,0.0008910185005265291
5136,0.000790231306037728
5137,0.0024473437942316074
5138,0.0023213065626763807
5139,0.0032765931752528595
5140,0.00018053197920440663
5141,0.004102068679273093
5142,0.002813997189493406
5143,0.0005536956255679715
5144,0.003778294715777851
5145,0.002074894607231237
5146,0.01598184824206671
5147,0.00022236580421171846
5148,0.0014586802539578493
5149,0.005053816643854964
5150,0.0004091630178195934
5151,0.00036548463342905976
5152,0.00025887288276067705
5153,0.005599790914385786
5154,0.006242591632754323
5155,0.0003353377513345865
5156,0.00036254031451466416
5157,8.940074801769545e-05
5158,0.00036148438167775475
5159,0.00042890948091952984
5160,0.008152182964421772
5161,0.001226016655473163
5162,0.0025898935551823456
5163,0.018440828981420646
5164,0.0005950870971172567
5165,0.0008723453499414644
5166,0.0012159535958624825
5167,8.504551130780497e-05
5168,0.001528157930684241
5169,0.00014837196941730856
5170,0.0005836820199959234
5171,0.001278194587814322
5172,0.0003302095562578634
5173,0.007044045353007593
5174,0.015935272368144644
5175,0.04461806511595109
5176,0.0052203084815807144
5177,0.014912192531771354
5178,0.009656680196963724
5179,0.000613287031585748
5180,0.015094476434354803
5181,0.033981602390409114
5182,0.0018860314594407147
5183,0.00410249124302758
5184,0.0010509428106947917
5185,0.004720505209652715
5186,0.0015165585821761782
5187,0.06801131845832248
5188,0.0014513391219125838
5189,0.0032134724611324245
5190,0.0005651306039508232
5191,0.005525067256343381
5192,0.0007123185991164233
5193,0.0011474641465776662
5194,0.0006331401061548027
5195,0.0009186540859180046
5196,0.005489847494362493
5197,0.020069403480385977
5198,0.000803233242583492
5199,0.0017044950582146294
5200,0.005662331563244259
5201,0.0012284575568026928
5202,0.00040128046411898517
5203,0.00031338771050993836
5204,0.0010826542007020168
5205,0.029399535063276375
5206,0.0007477753069588928
5207,0.0003570815806544777
5208,0.001082071204545833
5209,0.0003583014778496524
5210,0.0011795347507153082
5211,0.0005649760995743995
5212,0.00015959003980875474
5213,0.0004026397851366386
5214,0.0006214143025399535
5215,0.0012177143916638892
5216,0.00018504257823346516
5217,0.010551192422627243
5218,0.005713088480108419
5219,0.0015173841889775325
5220,0.07413823818337699
5221,0.0001468342088711539
5222,0.01382293583873132
5223,0.0006622514025541491
5224,0.0013825525526048176
5225,0.0005055779021940603
5226,0.00042502536681759295
5227,0.000402063246461997
5228,0.00017336964388252316
5229,0.004411087358008757
5230,0.0011711397552289862
5231,0.00030669548627810074
5232,0.0005310334342873084
5233,0.0006861417395334887
5234,0.046792515084651966
5235,0.0002820754240230679
5236,0.0010901471747280249
5237,0.0013591229352771762
5238,0.0012449972722545853
5239,0.0009398199993006511
5240,0.001194906978658803
5241,0.0019780428715959345
5242,0.0014425684420338878
5243,0.0020641618172130387
5244,0.03605902899655929
5245,0.00016303668670915618
5246,0.004201270876254828
5247,0.0012357934707843143
5248,0.0008624113008999293
5249,0.0015683716975507318
5250,0.00045415261993966735
5251,0.00012981377745680835
5252,0.0004664134751543953
5253,0.0006633584463421212
5254,0.002895045765950545
5255,0.00022322410254362371
5256,0.00324179790306486
5257,0.07276503612132548
5258,0.000670246236287003
5259,0.004231003416295709
5260,0.002869220842077888
5261,0.0005172991873726867
5262,0.0019669928497648885
5263,0.005788657816625955
5264,0.001232235170916828
5265,0.003063428891205481
5266,0.08594519946083991
5267,0.0012548261938700328
5268,0.01819599700458821
5269,0.0019279493288516215
5270,0.005069985337008226
5271,0.0008285804421771264
5272,0.0007493017027387159
5273,0.0009089531936553974
5274,0.0021020068064764898
5275,0.0016381755230001074
5276,0.054852917823834224
5277,0.0025294585208211666
5278,0.0002038627305350118
5279,0.0004117391932053164
5280,0.0015825857581979197
5281,0.0019531107398743698
5282,0.00040042876938488933
5283,0.0008447502018598249
5284,0.010812680081031026
5285,0.00025736702175035785
5286,0.0020896428346619364
5287,0.0029021132934675844
5288,0.0007836045617308681
5289,0.012870588413841505
5290,0.0041230564078464805
5291,0.0018799425090228166
5292,0.016049157613293712
5293,0.006053209854889409
5294,0.0005712876933394996
5295,0.00023797393697084818
5296,0.13244967263319246
5297,0.0002110257519437677
5298,0.01869191841783459
5299,0.004384817338750063
5300,0.0006710414446075499
5301,0.0006176990707082166
5302,0.010633731659188869
5303,0.0019889994943870083
5304,0.006252682519395663
5305,0.0001690309361515019
5306,0.00029174772227608895
5307,0.0012829449662513
5308,0.0002468906691383133
5309,0.00018056394511500076
5310,0.016357289886353026
5311,0.015589053398122629
5312,0.00263489345412231
5313,0.00038156180511740557
5314,0.0006852428017099245
5315,0.0005591647980431308
5316,0.0005582253728101387
5317,0.006143133245161092
5318,0.05551090931353837
5319,0.0002392258326681602
5320,0.0007987179368550255
5321,0.00020976345171674505
5322,0.006047722217777673
5323,0.003938432897735152
5324,0.0013155890854915817
5325,0.0005134771780753394
5326,0.0019176344028226833
5327,0.00020624078532282384
5328,0.0006559349483847707
5329,0.0002654103654883884
5330,0.003961738381944228
5331,0.0003949185707714858
5332,0.007318656319692126
5333,0.0012919454517169044
5334,0.001246823726114578
5335,0.0002312306432256455
5336,0.0003244945673171559
5337,0.008283757988922153
5338,0.002671971923106271
5339,0.001298062334583488
5340,0.014886249249104628
5341,0.045810814734458805
5342,0.00012943442152679353
5343,0.0007048113124353511
5344,0.0002224078566521862
5345,0.007970050342329622
5346,0.03814320974706611
5347,0.0014762737752486437
5348,3.422213463996307
5349,0.0014933824752734841
5350,0.0005922881335143283
5351,0.001345654039368766
5352,0.0027827227053290483
5353,0.0012931606337482499
5354,0.00022905565630768922
5355,0.007030611058570479
5356,0.0068365654523187425
5357,0.001032890934497575
5358,0.0008087681735837642
5359,0.0012324052215301974
5360,0.0014013039249046462
5361,0.0021645024441053016
5362,0.0046231529484276526
5363,0.0003003719794494064
5364,0.0003130871407617906
5365,0.0002333179887050446
5366,0.0015122058769587447
5367,0.0004989924462230503
5368,0.0016451944728534899
5369,0.3547623169367607
5370,0.0016840920852413145
5371,0.001215273350196431
5372,0.005406124554010367
5373,0.0005752760696093955
5374,0.00020297924120390393
5375,0.006008210916350737
5376,0.0014549917681996663
5377,0.0003637840904712584
5378,0.011449072661050243
5379,0.0004688704019200298
5380,0.005566839156042571
5381,0.0002633028194503373
5382,0.0016097456644640139
5383,0.0004503485624610686
5384,0.0003998375287424498
5385,0.00010229995018592083
5386,0.0010522423383884612
5387,0.016396749506147893
5388,0.0018791049044378208
5389,0.0010980598212201819
5390,0.0013025666014538939
5391,0.03133083356591691
5392,0.0010826517188299164
5393,0.00040244660798016333
5394,0.00037296905483782467
5395,0.0006773892789947084
5396,0.0013518445371301768
5397,0.00012808121581819862
5398,0.0006297563448547501
5399,0.0006870701609135295
5400,0.0008907587469523927
5401,0.09056824476068738
5402,0.004355735589363915
5403,0.07656225496887523
5404,0.001901796927527649
5405,5.23771773120277
5406,0.020197276523614246
5407,0.0033964453981169132
5408,0.017130239646793714
5409,0.022290228243247782
5410,0.00026029587276441994
5411,0.1253831509273637
5412,0.0006271007958251602
5413,0.0005605305282715696
5414,0.02704066729287114
5415,0.003468047235180078
5416,0.012542612565756669
5417,0.000753608330803964
5418,0.0009935105649781864
5419,0.001217762032746916
5420,0.00246630883341332
5421,0.0032474896515416797
5422,0.0026459450752168803
5423,0.0024796411161382833
5424,0.0026896275322994562
5425,0.0009561567553826287
5426,0.002173416434282049
5427,0.0004508883599007454
5428,0.00654562697213824
5429,0.001075038324492242
5430,0.11874684523335624
5431,0.001546536050972705
5432,0.024179551911647508
5433,0.02399703622667474
5434,0.12059721542536762
5435,0.018640171104891818
5436,0.0011440259197054597
5437,8.93584263311457e-05
5438,0.0004637671615865285
5439,0.00015082023362810232
5440,0.00015704192121699032
5441,0.0006031325518654813
5442,0.0014273108147227164
5443,0.0013135917739749002
5444,0.26370250687702934
5445,0.00834896372442439
5446,0.00011053965784441007
5447,0.003101945047447388
5448,0.4930979164631835
5449,0.0005405656223309486
5450,0.00038283322883261997
5451,0.00016205313504891137
5452,0.007327226933015154
5453,0.0005787555310450115
5454,0.0003727026979150852
5455,0.16624985480869464
5456,0.00024195293540747005
5457,0.011542994581226231
5458,0.00047041596765237903
5459,0.0006027220708189011
5460,0.0002994289159981153
5461,0.21866026688904017
5462,0.0023455597414025293
5463,0.06676752616738166
5464,0.0008816873596041399
5465,0.0005627696209343519
5466,0.0003530519866126228
5467,0.0020305555790265353
5468,0.00032319046755031785
5469,0.007690140351790396
5470,0.0007487816937482427
5471,0.0010381005132902678
5472,0.6138040089531414
5473,0.0002912559522618642
5474,0.009333323019156473
5475,0.003360848053189543
5476,0.0228351651706482
5477,0.010090463487925498
5478,0.0013716673935276805
5479,0.0024283379239457502
5480,0.0005804626190570186
5481,0.01637543884054853
5482,0.0016053543302323849
5483,0.00012336221287976974
5484,0.05866104408552477
5485,0.005068684557361007
5486,0.0012772414429734402
5487,0.010610602410961144
5488,0.0009977991552148511
5489,0.0005164568537708424
5490,0.0015458789383780655
5491,0.0003581722255160442
5492,0.0009889828138744234
5493,0.0005496314091677842
5494,0.0007747647932667511
5495,0.0013006539153443727
5496,0.0031408218087685567
5497,0.4050157533198489
5498,0.0033972677958026536
5499,0.02069727308335797
5500,0.0010099807688856363
5501,0.009291684285084978
5502,0.00011314663436013962
5503,0.0015516326897679566
5504,0.0014164934454183216
5505,0.0007169460867461445
5506,0.0007273668470810183
5507,0.000160289481047379
5508,0.027221518142045827
5509,0.0026227742817539557
5510,0.05700494880888767
5511,0.001052216451375858
5512,0.030732278901027223
5513,0.15427633047483852
5514,0.0002366746516567968
5515,0.0001899432670551075
5516,0.0010918997172715582
5517,0.09342628687044639
5518,0.0001302787326962445
5519,0.010280156969789112
5520,0.17943644843772913
5521,0.001287589442026177
5522,0.0008431588875012289
5523,0.00122444297909103
5524,0.0009395226132351821
5525,0.006779957454684607
5526,0.0038747632935108877
5527,0.0033271981315509905
5528,0.0006464154241097515
5529,0.0013728773309570805
5530,1.6227918195377162
5531,0.00024130646335703397
5532,0.007344690786386049
5533,0.0019072790678498007
5534,0.00033696280910469134
5535,0.0010005159123036324
5536,0.002166924743507678
5537,0.007691447412341505
5538,0.00047116740867839834
5539,0.05028601068793328
5540,0.00021935510921059737
5541,0.21283520021244035
5542,0.0008195194216649394
5543,0.03735900830536352
5544,0.0011966028207979799
5545,0.0009842000070568494
5546,0.0014198204936627743
5547,0.0012450211040389593
5548,0.0007242343982329238
5549,0.012153622518831394
5550,0.001515542119842627
5551,0.00047149806791162076
5552,0.0013844624469053425
5553,0.004082895256399274
5554,0.01982641663119192
5555,0.0010020148297231308
5556,0.0003789804653112654
5557,0.00188741394681276
5558,0.0008026284438390435
5559,0.0009050787374860935
5560,0.0006050833847625629
5561,0.0011801243105202693
5562,0.00022283756558933208
5563,0.001878191737437092
5564,0.000982377069478105
5565,0.00016709744564104704
5566,0.015226890982267661
5567,0.0029821180543094885
5568,0.053442688679466166
5569,0.0004981120449759817
5570,0.0008633758797097571
5571,0.0009851042424873471
5572,0.0009207518132073926
5573,0.01005849520833106
5574,0.001927226903098745
5575,0.00024357344998367307
5576,0.0005297041887167726
5577,0.00418269131652021
5578,0.0012722839607107262
5579,0.002336871328902267
5580,0.0004811452079634997
5581,0.0012328295140525952
5582,0.0002914276746499406
5583,0.0013641379151512144
5584,0.001103586644349309
5585,0.0006363124129338254
5586,0.0016500914660733527
5587,0.00039179913802621694
5588,0.001918042691480439
5589,0.0011168972403072378
5590,0.00019927235928341648
5591,0.004806876207616536
5592,0.0016536747971087342
5593,0.000634613406584635
5594,0.0011768000226266646
5595,0.0011603443121158588
5596,0.004598710190281086
5597,0.005539062842641103
5598,0.001644462258457927
5599,0.001955505368960486
5600,0.0007698691205520288
5601,0.0004266653311651876
5602,0.005699715967154207
5603,0.002940171825656899
5604,0.0004856363328906578
5605,0.003030852913543562
5606,0.0007107639579329297
5607,0.12464610675227124
5608,0.01065919237093858
5609,0.005238799428627221
5610,0.00011866244470614868
5611,7.199755931333157e-05
5612,0.0003482340975005157
5613,0.015595174414670196
5614,0.0006312201886986222
5615,0.0005464888460384039
5616,0.0010674461022836589
5617,0.0017253375084825722
5618,0.21475165597512721
5619,0.0008684158238750728
5620,0.001764374272658788
5621,0.08236109749804403
5622,0.0014516988168286706
5623,0.00439556747109606
5624,0.0007651764421151311
5625,0.020443305385151996
5626,0.005555869596502177
5627,0.000735701322199157
5628,0.0010461379945478613
5629,0.0003256511531725238
5630,0.0007293711958631676
5631,0.03179391502589125
5632,0.0008369703241223296
5633,0.011082912874585857
5634,0.0009314115123272642
5635,0.0010296902331924725
5636,0.009036539702612393
5637,0.00015955006774390703
5638,0.0053883772336928756
5639,0.00020828615640342975
5640,0.007930055490730604
5641,0.00080048041399473
5642,0.0007769321426908335
5643,0.0012726862610037068
5644,0.0008039069339098956
5645,0.0003166613534989078
5646,0.0005876610979337159
5647,0.0013213545716335793
5648,0.0005904187002409584
5649,0.0015468394898616098
5650,0.003743043303547161
5651,0.0002394118074191341
5652,0.0011927153685819694
5653,0.00020584206635662123
5654,0.005017921676261354
5655,0.01360246774058628
5656,0.0023871920695755357
5657,0.00040127234267725424
5658,0.004213837011974542
5659,0.0003282100114093464
5660,0.000373887398555974
5661,0.0003266310536223087
5662,0.0010101039353197134
5663,0.0032380444316044464
5664,0.0006434308180624579
5665,0.003270049097966093
5666,5.4291598774735665e-05
5667,0.022614833710617184
5668,0.004417500137811813
5669,0.003259205312230534
5670,0.00018622587188814793
5671,0.00020840739000400175
5672,0.0007130085595639981
5673,0.005681476044293244
5674,0.047611570553198916
5675,0.0007013624684641136
5676,0.0010986729903822562
5677,0.0060853298076600035
5678,0.002294267421377085
5679,0.001774639331870869
5680,0.0028794055440407615
5681,0.008805160031905844
5682,0.00015929284246029722
5683,0.0016591318395453795
5684,0.0011171637455476503
5685,0.000669881129647581
5686,0.007302868762277554
5687,0.00046247455370998335
5688,0.0009151283161822855
5689,0.004344373373905762
5690,0.0009985586381638825
5691,0.0029875252460694994
5692,0.0023866838693516793
5693,0.0005199783859265291
5694,0.0020462368426160953
5695,0.001962902559505862
5696,0.0010259798382165318
5697,0.005378562111446243
5698,0.003296251081668055
5699,0.009021230810191837
5700,0.0001886836584985549
5701,0.006626502979689827
5702,0.0011284798089852362
5703,0.0017417574290457688
5704,0.0020174754829092815
5705,0.0007820925110355877
5706,0.00487211561139142
5707,0.0030856339906952905
5708,0.0033275161058941493
5709,0.06001871370869871
5710,0.0026597735956691137
5711,0.0013913070754860714
5712,0.0006400061270545017
5713,0.005549568463012466
5714,0.0007981194865189078
5715,0.013188828247023488
5716,0.0003668581278312713
5717,0.005061832610075774
5718,0.0008144006552372864
5719,0.029607791559172515
5720,0.001894359427684851
5721,0.005085818989759806
5722,0.0015638120396661264
5723,0.0003498839103557584
5724,0.1491616406711431
5725,0.0004600297125322884
5726,0.012749551870330824
5727,0.0010635084824249718
5728,0.0017432474942515005
5729,0.006090656476409902
5730,0.009949915258727071
5731,0.001752851204516211
5732,0.002096646964052284
5733,0.00015835450706098433
5734,0.008733768307882894
5735,0.01880260358666212
5736,0.002799489743899524
5737,0.0012498479740206986
5738,0.0060695900172696386
5739,0.0027769014206163174
5740,0.0003843658289909089
5741,0.007853698818760312
5742,0.010276722522023028
5743,0.0015505898633463295
5744,0.0004962842935054648
5745,0.00024493319607064536
5746,0.0084800719801488
5747,0.0005493395809408202
5748,0.0006806773956564518
5749,0.00048477777077019575
5750,0.003089689424253452
5751,0.0045330191180507325
5752,0.0016608078164157497
5753,0.0004715570848504568
5754,0.0029570406878920534
5755,0.002111735611102635
5756,0.0005341422194306928
5757,0.00014869735692315633
5758,0.00021473447564982696
5759,0.0007444441442991167
5760,0.00627969804321534
5761,0.0012090519614764172
5762,0.00047329714266565654
5763,0.013329320679066142
5764,0.007558495979402739
5765,0.0025226229133204934
5766,0.0036290980234890808
5767,0.0017589704279798797
5768,0.0003170980079179279
5769,0.0005764921315762646
5770,0.000588457897588995
5771,0.00027852986051346394
5772,0.00032274113393578426
5773,0.0019619539674848733
5774,0.000492250375854512
5775,0.0020724684348333595
5776,0.0016152858445012712
5777,0.0016923014286849079
5778,0.0033058016753323223
5779,0.0005608403161538268
5780,0.0006259025835690395
5781,0.0039110610982958215
5782,0.0002491290514750607
5783,0.00037266514465130477
5784,0.008454106240041613
5785,0.022141236163548447
5786,0.006640055556889512
5787,0.054345279979414296
5788,0.009226818120162135
5789,0.0006981638675389738
5790,0.002442556880588666
5791,0.0011208097071792416
5792,0.0009807836474868994
5793,0.0043621935026965705
5794,0.0008325586419578345
5795,0.005614129328850718
5796,0.006224498532684818
5797,0.0007866244292251307
5798,0.0020536174356756303
5799,0.0012023988971150144
5800,0.0031691083730589634
5801,0.0017218731430710455
5802,0.0015683569071058383
5803,0.0007953176142812055
5804,0.000293358900501627
5805,0.00020913556861459925
5806,0.003330084144991804
5807,0.00079742056460797
5808,0.0007856086493409857
5809,0.0008564620355943262
5810,0.002162304381533034
5811,0.0005133221552812757
5812,0.0004604477017162248
5813,0.0021605523721928257
5814,0.010266599485549135
5815,0.0008806204443862874
5816,0.001523343945821291
5817,0.0014144607933602815
5818,0.0007332584109094289
5819,0.0013367225997118562
5820,0.008739355795183427
5821,0.0009823385612072006
5822,0.0007157665997625121
5823,0.0009609362037271993
5824,0.0010381963588632346
5825,0.0077711639784041
5826,0.006835184912246617
5827,0.000727029968239477
5828,0.002814221989988626
5829,0.0008145766578736138
5830,0.019426384994318206
5831,0.006581770409819216
5832,0.0005944495143809336
5833,0.0003427515915755497
5834,0.0015787525832138207
5835,0.0008277408989195878
5836,0.0004952635978215704
5837,0.00020639400214754114
5838,0.006172122666796531
5839,0.00036385448574183146
5840,0.0002703676063472551
5841,0.0005793756836883384
5842,0.0008923261139243514
5843,0.00027399152265988685
5844,0.0007675851094410648
5845,0.0007447431205935668
5846,0.002513851060050238
5847,0.0013037827141462162
5848,0.0007510497413340366
5849,0.009205628240534414
5850,0.0024471565989074087
5851,0.002226728005439944
5852,0.0031441188610613867
5853,0.0144001547679316
5854,0.6398035385623602
5855,0.00035800523115697263
5856,0.005710935181954331
5857,0.001137922609000029
5858,0.0020503532349567676
5859,0.009259633780582291
5860,0.002414351295243627
5861,0.0003065397773397012
5862,0.0005081979957735637
5863,0.001088655475351349
5864,0.0013309151739169863
5865,0.02011360311702492
5866,0.0001715308538098853
5867,0.00445074646237959
5868,0.0031995119495768797
5869,0.00045613935887187015
5870,0.0015992948074845883
5871,0.0014699096337310073
5872,0.00023659309771005468
5873,0.030320830690373085
5874,0.011184809721424164
5875,0.03990437081922542
5876,0.032196125538100945
5877,0.00027072026514090203
5878,0.0003633465867315037
5879,0.0006829550421322
5880,0.00021028685141044482
5881,0.0005078916264385582
5882,0.001351286021835627
5883,0.00048178291200772785
5884,0.002367929219030326
5885,0.0001869942804007935
5886,0.0010338338252802574
5887,0.000724223407503961
5888,0.0002929868177881424
5889,0.00043892248248854126
5890,7.740254022821888e-05
5891,0.00314291739145665
5892,0.16020290829084494
5893,0.00266714777134624
5894,0.00036156454961733676
5895,0.0535133669217293
5896,0.0053085057115994155
5897,0.002544491167274763
5898,0.0022675082004041413
5899,0.004003813897033641
5900,0.0006819960225173972
5901,0.02159397132552084
5902,0.00023933290933565932
5903,0.0021417630804891332
5904,0.001526808616794791
5905,0.0014848771288625095
5906,0.0009293251941066547
5907,0.0156672994444667
5908,0.0013712767576795825
5909,0.002580641499821079
5910,0.0010564195524034614
5911,0.1042150213843046
5912,0.004114609032565447
5913,0.005734607072489994
5914,0.001037838286419929
5915,0.00017509942230517175
5916,0.028533732264373994
5917,0.8049479667308839
5918,0.0002934600746594816
5919,0.0038728083128473432
5920,0.0017095999860144964
5921,0.0007612342551084118
5922,0.0019318301113000695
5923,0.00032502831095874426
5924,0.0011562421920970234
5925,0.0025320313183545724
5926,0.0003602749921054361
5927,0.0009794339664230321
5928,0.000976308937277573
5929,0.007039821100258835
5930,0.0006365891549239512
5931,0.0007624533535379719
5932,0.012212618645760388
5933,0.0011754346671005418
5934,0.004032864362131753
5935,0.000721502333740527
5936,0.015474575816579106
5937,0.0005451830599340545
5938,0.00011071736120182728
5939,0.00033405177832483533
5940,0.02304813766798563
5941,0.011759410288843832
5942,0.00021797010639418996
5943,0.004501037246827378
5944,0.001566289450461009
5945,0.0002884645110360192
5946,0.00043604139980895804
5947,0.00795680918268712
5948,0.00012039197340708122
5949,0.00011499067913415436
5950,0.0009859603785689092
5951,0.0006180943406938379
5952,0.00026484626233352036
5953,0.0057721007856844225
5954,0.004501948333321682
5955,0.0004804235156970498
5956,0.004272216198570991
5957,0.00040401470444570653
5958,0.0003705692349336841
5959,0.0004726313292052759
5960,0.0010165048049240917
5961,0.0034339149079575418
5962,0.0004739044920103337
5963,0.0002566910093859067
5964,0.009927752660652532
5965,0.0005260363110594398
5966,0.008287815219999972
5967,0.0008889924748136328
5968,0.006430270992115169
5969,0.0010125142210252755
5970,0.0029695666766355678
5971,0.010977068721741878
5972,0.00034325181688423347
5973,0.0026001357221151983
5974,0.0008468383613814716
5975,0.0008913330664870455
5976,0.0002695998815945374
5977,0.0010563434294434378
5978,0.0008344817597760396
5979,0.0013775483479992647
5980,0.0035920444647436706
5981,0.0012457165851144875
5982,0.020601084546431316
5983,0.0020238398339634273
5984,0.0009860236592374291
5985,0.0036521462787259713
5986,0.009795612484421727
5987,0.0010200024852883493
5988,0.0006365793754401636
5989,0.021121348425260665
5990,0.0011003006628704454
5991,0.0007738381608759384
5992,0.0036721173188102797
5993,0.0029298755817565585
5994,0.0017877207706328954
5995,0.00068897622346095
5996,0.0028704819417830906
5997,0.007861138943453964
5998,0.01841153122921365
5999,0.0016751376164272347
6000,0.001218623828070159
6001,0.005947343301139592
6002,0.0013675613420472284
6003,0.1153469385671873
6004,0.0008804945900458503
6005,0.0025568464199071284
6006,0.0005598762323053933
6007,0.0011055769405007158
6008,0.04310148766143824
6009,0.0027625212868417452
6010,0.0037912382701738943
6011,0.0011271043356534918
6012,0.00038385406144322577
6013,0.0006878775286996
6014,0.001497819254543659
6015,0.002071656928157445
6016,0.007176165500532847
6017,0.0035328201616847813
6018,0.0013407011204759388
6019,0.0005825059471319678
6020,0.002855691536471472
6021,0.0016065413671137747
6022,0.000411716329555029
6023,0.004626055284479285
6024,0.003819388867437491
6025,0.009476871884443804
6026,0.007945219732441168
6027,0.0003139054253140238
6028,0.0005670175639540731
6029,0.0011428349074315322
6030,0.0005985422401970304
6031,0.0031507045639500466
6032,0.0005833974874096651
6033,0.002561091356922459
6034,0.002954159616305361
6035,0.014214767754957733
6036,0.0010313202702034103
6037,0.007248875582491323
6038,0.00014332888368881873
6039,0.0004018409748448376
6040,0.0007609689268416077
6041,0.00041517848771477616
6042,0.0006712483664695516
6043,0.0008548695918229208
6044,0.002016091387875837
6045,0.00023546650286317375
6046,0.000541566939070279
6047,0.0007754790718149219
6048,0.0010245810589771356
6049,0.0010370293771095327
6050,0.030113473750740135
6051,0.0009011177702162898
6052,0.00046774385601074374
6053,0.00016314710770456346
6054,0.002458761612621368
6055,0.0008685734072642296
6056,0.0024029097073510327
6057,0.005546283429808669
6058,0.001760925952818185
6059,0.0016696512288255196
6060,0.002630125108721444
6061,0.00370634216840539
6062,0.0016530917263463754
6063,0.0016462474700834674
6064,0.00033063819646239747
6065,0.06363500625025761
6066,0.9009538338175015
6067,0.0006700234119000312
6068,0.0021726027141167484
6069,0.002753589759053442
6070,0.0003824572405884662
6071,0.0023798315670717305
6072,0.0007278990613447714
6073,0.0005191767362154417
6074,0.0006574009956822232
6075,0.0012074360757555508
6076,0.0014993604584200508
6077,0.009147881647385826
6078,0.0004792890883811177
6079,0.0004996024981331873
6080,0.0003802763318084348
6081,0.006158861452341194
6082,6.637448616423391e-05
6083,0.0016018231450801034
6084,0.001467773840684328
6085,0.0026330834749326215
6086,0.0012917424469328278
6087,0.0012062340668472637
6088,0.0037056963044525635
6089,0.0018764549866861098
6090,0.001140010970221908
6091,0.010405440397762863
6092,0.0010213390253791975
6093,0.0012223668884643083
6094,0.004758128297022816
6095,0.004632252272307483
6096,0.003312052665355624
6097,0.0040061290197621405
6098,0.001145134549487333
6099,0.0013584136711585323
6100,0.011234286252048541
6101,0.0002513444571762434
6102,0.00042852387447862205
6103,0.00015940620711849974
6104,0.007878440437235968
6105,0.009632811086365118
6106,0.0009026377406474976
6107,0.00039465957005789325
6108,0.0024269497446511436
6109,0.00127611865182579
6110,0.00038696960111002696
6111,0.0005879546385496957
6112,0.0022651580270117893
6113,0.0020070337856601663
6114,0.0009034491317170952
6115,0.0015404083504376473
6116,0.025542824076606966
6117,0.0006585993523042895
6118,0.0008455829991352551
6119,0.004318877511107026
6120,0.005119971050996585
6121,0.0003266243267065806
6122,0.0014486794471285842
6123,0.001267434790682976
6124,0.0006214584461723316
6125,0.000554898822965771
6126,0.0014631119883438157
6127,0.000611773039373237
6128,0.00036269534717892613
6129,0.011054667624373163
6130,0.00048548587075374744
6131,0.0018552235932073901
6132,0.00031830063975604424
6133,0.0017216443103928206
6134,0.006182595067829108
6135,0.004354876869483606
6136,0.0013661711884159794
6137,0.020814471591149436
6138,0.06239151109881017
6139,0.0005883406755449603
6140,0.00010552409157013551
6141,0.002898034977357338
6142,0.011898594529470995
6143,0.003021086221709246
6144,0.0007741310945790888
6145,0.0012505955000806663
6146,0.025841931983912082
6147,0.0002643983043163719
6148,0.0006560897819283512
6149,0.0030649360919169913
6150,0.0008357261562026342
6151,0.006910143762726342
6152,0.001843038407505399
6153,0.0004935673448113808
6154,0.007621080857054412
6155,0.0007341110899712043
6156,0.10101575204230669
6157,0.0006450104518132776
6158,0.017870744858844875
6159,0.010729447803740777
6160,0.01299844861203956
6161,0.0006529919075604116
6162,0.003307707189628866
6163,0.13271506412794468
6164,0.0011666120293390217
6165,0.00020963388659261145
6166,0.0037154228998672227
6167,0.016926593010119454
6168,0.000236432171716275
6169,0.0009550582229832943
6170,0.004380621219731366
6171,0.002454004508248609
6172,0.0011926184629247685
6173,0.0003479700858410265
6174,0.022683410279776727
6175,0.0020789303731920785
6176,0.004738826700021154
6177,0.0002964319653558336
6178,0.0025278677433791066
6179,0.0004743014034613899
6180,0.004082076656856181
6181,0.007653864690290355
6182,0.005730353580359675
6183,0.0009303683114538622
6184,0.0014489275469226745
6185,0.0009298694837898866
6186,0.0007770509842124541
6187,0.0007193246384973115
6188,0.0007312540498080111
6189,0.0005921690383542517
6190,0.0008396608510226986
6191,0.0029446760132267103
6192,0.00016137362680051205
6193,0.00999409799857389
6194,0.002938874084938928
6195,0.0005669898389581045
6196,0.00026256920918739417
6197,0.000740477573546562
6198,0.0020350351288403556
6199,0.0009300793860776671
6200,0.035257717166916454
6201,0.00032904272346661874
6202,0.000533583036545977
6203,0.0003713251215546237
6204,0.00046368732576613765
6205,0.000695112721182394
6206,0.07559913462369142
6207,0.0007707825346391145
6208,0.0008979277595381069
6209,0.000297228352829968
6210,0.0007925238953383822
6211,0.0015687559330859982
6212,0.0008107194032880243
6213,0.0008910445593344137
6214,0.00023365190522410978
6215,0.0013453298424186556
6216,0.0007245251726991375
6217,0.002759649040872511
6218,0.0004959923811510963
6219,0.005063704793308882
6220,0.0014360295939037945
6221,0.024498955307102322
6222,0.0015287904269766053
6223,0.006162230598769004
6224,0.0002944427800747399
6225,0.0016397852354711198
6226,0.0011324263678213504
6227,0.004736085079084168
6228,0.005121789083454672
6229,0.008500710059209417
6230,0.0015482096040600232
6231,0.09985042727963253
6232,0.0002698504999060672
6233,0.00086667423095743
6234,0.00076984338281555
6235,0.002595775168226891
6236,0.0013293857324675775
6237,0.0012090813479793535
6238,0.0003852399846760813
6239,0.0009005328783263523
6240,0.0016993588033777755
6241,0.00626912634295143
6242,0.0023001421770630897
6243,0.0013121164210393534
6244,0.0005535810658538624
6245,0.0036234527743707148
6246,0.02486660648384407
6247,0.0005383587727142057
6248,0.0003549858822240989
6249,0.01921779654518687
6250,0.0019089930900907763
6251,9.145917286090249e-05
6252,0.002525857268336446
6253,0.00024828021586668545
6254,0.000558363026627664
6255,0.001643441255275805
6256,0.008814007458743134
6257,0.000352347047215166
6258,0.0019563677325705655
6259,0.00020483386510977992
6260,0.00035384702340221014
6261,0.0014156688602485507
6262,0.0003173076947396763
6263,0.0006797158080058062
6264,0.0008305784954775222
6265,0.001537142318788944
6266,0.001512908578211102
6267,0.0005637757695777856
6268,0.0006791533881944176
6269,0.0005861520928459044
6270,0.0014726570224393488
6271,0.008945116337355055
6272,1.0481434464460153
6273,0.001493391587365963
6274,0.0007233285458939623
6275,0.015371975216955646
6276,0.001136219034674886
6277,0.000520100886761947
6278,0.0008465916896458338
6279,0.001944609727212876
6280,0.0023002585798996013
6281,0.0025698198337029405
6282,0.00025740980208950435
6283,0.0020553462612871026
6284,0.003276210514775766
6285,0.0012607509346702424
6286,0.0005400181175750463
6287,0.0025263529842244207
6288,0.00027299399896656785
6289,0.0015456953227365503
6290,0.00025824259977970805
6291,0.0014434944782450547
6292,0.0015789077694683563
6293,0.0001410252786721684
6294,0.0004795683871870535
6295,0.0015332533536772106
6296,0.0021135341390440534
6297,0.0004273781476735056
6298,0.0010990270844519917
6299,0.0013711529333896503
6300,0.013077849685003064
6301,0.03910888540373634
6302,0.0019797810557235325
6303,0.0003614775478660147
6304,0.00032412745786674203
6305,0.000411777822971486
6306,0.0003304491344688186
6307,0.0007914122300157543
6308,0.004312590444643564
6309,0.018318177755058687
6310,0.0004276835374019807
6311,0.000594933257284867
6312,0.00026826231172636327
6313,0.0010415641638646036
6314,0.00063967240801405
6315,0.0002029186193120203
6316,0.0019508883436783878
6317,0.0008077363045746163
6318,0.00036827997995239283
6319,0.0004980628257981065
6320,0.0018820940031261365
6321,0.00863221982975865
6322,0.00023478915341465747
6323,0.019962638601047054
6324,0.0027618305188280854
6325,0.000688532490240123
6326,0.026553806541761257
6327,0.00477538848259531
6328,0.00020180202465351025
6329,0.00046558227925284207
6330,0.0009428449325101549
6331,0.00345676626210222
6332,0.0009118858332200308
6333,0.0023129681056336306
6334,0.0199676550389515
6335,0.004917591453829841
6336,0.0004214956634739523
6337,0.00020549504965319107
6338,0.0002279140986541878
6339,0.00047288674746095126
6340,0.00020594186571971706
6341,0.0009184418722117775
6342,0.0007828499594257229
6343,0.011248187410656979
6344,0.007487909083329617
6345,0.0009160796851627127
6346,0.0089623502209117
6347,0.01027570442129637
6348,0.0012769164278223554
6349,0.0007321243941452079
6350,0.0006308635232225192
6351,0.002983160849529716
6352,0.0035599924629840375
6353,0.0036692036809590303
6354,0.0020769554800321595
6355,0.001043049076282553
6356,0.002577203292352391
6357,0.0040477211561757535
6358,0.0005994106933342405
6359,0.004013124450075462
6360,0.00018929721605573594
6361,0.0002729914470723223
6362,0.0009866012815553358
6363,0.00026780760415823744
6364,0.003131843140216684
6365,0.0008402604909260174
6366,0.0009983574789492172
6367,0.0025199068850720353
6368,0.0004964108905824538
6369,0.0007230099827457995
6370,0.0029954761727877185
6371,0.0020736389655790963
6372,0.0013020391687489712
6373,0.0020423282210339567
6374,0.1436526916512984
6375,0.000690768576550224
6376,0.010402559794400964
6377,0.002310891066656252
6378,0.0022489897957766914
6379,0.0068507596135996655
6380,0.13298785402539495
6381,0.001258465644483139
6382,0.013624910344233446
6383,0.005258094437482635
6384,0.06006165865306233
6385,0.014369300793093528
6386,0.0005401724798006624
6387,0.0004477556213405153
6388,0.0003021867272005769
6389,0.000531020953017947
6390,0.00031787170012741845
6391,0.0036689781319279046
6392,0.001901990190563691
6393,0.0023033523356752205
6394,0.0019589765685919976
6395,0.0022308767431968436
6396,0.017186553201070855
6397,0.0027028372588341117
6398,0.0011197853734376403
6399,0.037635686184120144
6400,0.016269041338320803
6401,0.0009937774251365372
6402,0.0001094645347803209
6403,0.004504073502548163
6404,0.0017953282964005724
6405,0.0010017319294638584
6406,0.004313013193767784
6407,0.00016124884763996515
6408,0.0009641176077737336
6409,0.00012802540042161083
6410,0.0034263325629168818
6411,0.0015596606465225215
6412,0.001669206098870167
6413,0.0012840036929045425
6414,0.0024760451139058982
6415,0.00018745068321904197
6416,0.0003092165277054553
6417,0.007689260845422507
6418,0.0016970454777471252
6419,0.0013310509490209227
6420,0.005002925026250913
6421,0.0007236761536912125
6422,0.0018147832431676867
6423,0.0005607353370204054
6424,0.002173970850820396
6425,0.0009369215493142559
6426,0.0017629951892617064
6427,0.006306003803449635
6428,0.006943679254929673
6429,0.0004092232744993928
6430,0.018378742035289816
6431,0.0027713039111543943
6432,0.0012453665084151133
6433,0.0016208397874781229
6434,0.0012892542875562996
6435,0.00030078746806852806
6436,0.00037356344533174575
6437,0.0010036216951905504
6438,0.001220952804495335
6439,0.0010634709382194379
6440,0.0003991012335158229
6441,0.0011449879204363151
6442,0.011929995459901695
6443,0.0007718044304259921
6444,0.03714053910716583
6445,0.0053640425846136
6446,0.0001601360745809683
6447,0.00022363163436114143
6448,0.008678370187126748
6449,0.004861109805679836
6450,0.05301739857357173
6451,0.0030799282920982636
6452,0.004771726574731501
6453,0.003835384022507939
6454,0.019446347425227366
6455,0.0037053583723436257
6456,0.0013157764485876228
6457,0.00048174187554904027
6458,0.0006942125598406303
6459,0.006427240837004338
6460,0.0004779358583333876
6461,0.0023002880601294853
6462,0.0002555186611920127
6463,0.001313189063503934
6464,0.00013202801658974427
6465,0.003354754203504701
6466,0.0026357716817250357
6467,0.004843693319625424
6468,0.02863902644022815
6469,0.00032839722305459137
6470,0.0007844243089430839
6471,0.0009369428836182963
6472,0.003125983923841266
6473,0.004461195379492571
6474,0.007961774354600151
6475,0.006406248130268355
6476,0.00021217530291089737
6477,0.015892708188383366
6478,0.000860584427182509
6479,0.010518615195489224
6480,0.0003277710272411553
6481,0.0015563124551183298
6482,0.0011999745718105246
6483,0.0001675145659018019
6484,0.0023797644736223366
6485,0.0007375214070741841
6486,0.0034850463530035334
6487,0.0012823098017123366
6488,0.0019272515021093249
6489,0.00026461722233790105
6490,0.00021211128797669462
6491,0.0019870498861495247
6492,0.0030563525229431216
6493,0.0054061062710125335
6494,0.0005490343756656834
6495,0.0004594559876801763
6496,0.001618018980410973
6497,0.001972258884465749
6498,0.00024146308661953086
6499,0.0007016973605436203
6500,0.0035602648507910605
6501,0.001087336870888681
6502,0.0022760440959941545
6503,0.0008819744865699874
6504,0.0008738514950891544
6505,0.0007374062757795242
6506,0.002782567921290067
6507,0.0010204702576938403
6508,0.056199824219459515
6509,0.001449257974134278
6510,0.0003238626326696528
6511,0.019112140625273406
6512,0.005346890794369877
6513,0.0009651511925224814
6514,0.000829741256789701
6515,0.0023423154640218424
6516,0.0008720409342659729
6517,0.037328045098157625
6518,0.0035981372893519313
6519,0.007016193348326571
6520,0.0007509098887657506
6521,0.002011763622138316
6522,0.0010244527261455319
6523,0.0008674353428089876
6524,0.005509901851136783
6525,0.0005722395356554858
6526,0.09231900927574754
6527,0.001592001568005464
6528,0.008686617460041348
6529,0.02040009215526111
6530,0.0007495049207887825
6531,0.0006876856398180669
6532,0.004013936656546472
6533,0.0011116137461756781
6534,0.0006601346915137484
6535,0.021059208441021472
6536,0.01025576863239438
6537,0.04208771488050383
6538,0.0014027973463542238
6539,0.004687983648797817
6540,0.0003887728262629102
6541,0.0003263380604058659
6542,0.004181916978954231
6543,0.004605040948355558
6544,0.0016024095528453857
6545,0.0016425700963307488
6546,0.0028881090494451817
6547,0.0016082900755684817
6548,0.033916196039248156
6549,0.0007197218348323201
6550,0.002963320466359562
6551,0.001580348900337873
6552,0.0003597530179803573
6553,0.0006706275318604908
6554,0.0025712164628850795
6555,0.00019922281054712945
6556,0.002791419938152307
6557,0.0005769794728966909
6558,0.0006412113169999195
6559,0.0008175336228153797
6560,0.0004338403417243851
6561,0.0004449185848750357
6562,0.001954367781895272
6563,8.501440465831319e-05
6564,0.0005073670669059443
6565,0.0005841785560854039
6566,0.005552449577898706
6567,0.00012638924035459945
6568,0.013946931955662469
6569,0.17897558980238812
6570,0.001537137302439618
6571,0.0095215046449405
6572,0.000767451615415047
6573,0.008694861008660217
6574,0.002023921006727228
6575,0.00042266577459485567
6576,0.002479336816312981
6577,0.002523323053921161
6578,0.0006558945824092085
6579,0.0004348607171254581
6580,0.00041772673298246264
6581,0.004998982528715669
6582,0.002311685772061963
6583,0.004934354389764659
6584,0.0005165157587942518
6585,0.002148560707005039
6586,0.045392944467916536
6587,0.001185171619417057
6588,0.0050763064403199195
6589,0.004987474300947205
6590,0.0008802760669156827
6591,0.0009194584580286976
6592,0.004144361025807505
6593,0.0010341378204978683
6594,0.001637874780194446
6595,0.028085996625114327
6596,0.001900201747450924
6597,0.0019494109146012642
6598,0.0009797821930497552
6599,0.005783918173299262
6600,0.001593061314032772
6601,0.0029948143001537254
6602,0.002455455041800387
6603,0.0005881484354734006
6604,0.004969886945367596
6605,0.011170629840768572
6606,0.020883681992402984
6607,0.0005523602472916896
6608,0.0006817054983245884
6609,0.0018407373812267536
6610,0.007281848053039989
6611,0.010562211923400558
6612,0.006419895714656879
6613,0.02211274369686729
6614,0.001910599959321144
6615,0.0006624712370692758
6616,0.0006349378806496908
6617,0.0009382411007663028
6618,0.00019146220036001777
6619,0.0006778367711036458
6620,0.00232336789034527
6621,0.000398580159828641
6622,0.011970163440056084
6623,0.0010137924255429309
6624,0.0017276974851659194
6625,0.0005955152265870836
6626,0.005965407477142812
6627,0.0009649245391507038
6628,0.014759737709880757
6629,0.0002830238827260746
6630,0.0022748354582709323
6631,0.00010406361123262693
6632,0.00017715154865212773
6633,0.0012969564035174455
6634,0.0006561700996583112
6635,0.0010216107519897483
6636,0.004727554255076558
6637,0.0001559868898974904
6638,0.0005103404551738338
6639,0.004869730163390058
6640,0.009033106324552058
6641,0.0018668829142124044
6642,0.015409716331476954
6643,0.012570840231921752
6644,0.0008236461862478908
6645,0.010306042876994851
6646,0.0018777257041260062
6647,0.004227199245822507
6648,0.0011358683126683352
6649,0.0614318833947612
6650,0.0041289278398221425
6651,0.005303718033534541
6652,0.0005491260092333331
6653,0.00039146573839473557
6654,0.00015880702868968532
6655,0.0007081105019621178
6656,0.00011278845495560992
6657,0.00027912468656220716
6658,0.00028196087692559235
6659,0.0007942380056045654
6660,0.002589006796583609
6661,0.0006254387106833859
6662,0.0010425197614263267
6663,0.0004685843301284455
6664,0.0007130768881215625
6665,0.0006213787734197832
6666,0.001854772363558258
6667,0.0010027068991919621
6668,0.0005696384780381471
6669,0.028624608152181645
6670,0.0029759394673871255
6671,0.005427519871529825
6672,0.0005614444170066563
6673,0.00244622807513094
6674,0.008490713761626509
6675,0.0014873496557982328
6676,0.005712329799625885
6677,0.0018785280483160577
6678,0.0010668285471514979
6679,0.0017218420524429106
6680,0.00012735522058785387
6681,0.0006665027347538709
6682,0.0007316393661592711
6683,0.0026886939527387276
6684,0.0009067725337638028
6685,0.00021823597622962882
6686,0.0006795883646606398
6687,0.0009029956764376837
6688,0.010847989505949054
6689,0.00039942944972140673
6690,0.0010931735997119676
6691,0.001106951717016341
6692,0.036371311118554184
6693,0.0004910221318197808
6694,0.0009835300919423975
6695,0.002457410881420581
6696,0.00029639091623532334
6697,0.001503464648867863
6698,0.002376180946306151
6699,0.00489150570460825
6700,0.007520656809066618
6701,0.002669176250121793
6702,0.0004191736674238132
6703,0.000796757082020112
6704,0.00027900802373227273
6705,0.001486959161238451
6706,0.0015724688862125108
6707,0.0011510845709457671
6708,0.003458792617944265
6709,0.007387589026287011
6710,0.001033234628988642
6711,0.004603642892518516
6712,0.006885951825069353
6713,0.0008723135944395707
6714,0.0020416557783868197
6715,0.0009022693229973861
6716,0.003788237991903729
6717,0.0009486165674260515
6718,0.0021188364284306263
6719,0.0037528447945147
6720,0.0017296281795755894
6721,0.0007681168414359212
6722,0.0004611322433672608
6723,0.00766147587329608
6724,0.0008963772615306317
6725,0.003370389562136268
6726,0.010540651468897929
6727,0.00022213906158420735
6728,0.0045844865594165795
6729,0.0007581565267265018
6730,0.000438930251090841
6731,0.004078262134336628
6732,0.0009012729867776708
6733,0.0026663965384520843
6734,0.000246402258764141
6735,0.0002786231556689853
6736,0.0008896647211830748
6737,0.0010411338256153147
6738,0.00029248215675060257
6739,0.00021092100665916287
6740,0.0036844089531264212
6741,0.0005156336500364314
6742,0.008257314692942714
6743,0.004304768887444685
6744,0.006415881762303272
6745,0.0011263867073088654
6746,0.0003643337687058059
6747,0.0007379661526331248
6748,0.0002494143599583981
6749,0.04815866678094444
6750,0.005132868816199661
6751,0.004550279690251491
6752,0.0021597924678973526
6753,0.0007430542786539463
6754,0.002096370207709886
6755,0.00443003724451309
6756,0.0013372460866102138
6757,0.0003356874664472336
6758,0.0006998682028154077
6759,0.0005244099796139462
6760,0.0031083930253879453
6761,0.0015860476248047454
6762,0.0012946899198322671
6763,0.006191686857911401
6764,0.02350699015180481
6765,0.0007185079077712235
6766,0.0013942579816316723
6767,0.0014518511924011045
6768,0.001948478923939844
6769,0.0009273992232279409
6770,0.001184333470333963
6771,0.0008837787632110967
6772,0.001435823647376391
6773,0.0013291004103649113
6774,0.006762303332082603
6775,0.015442703568064396
6776,0.00020051829554362072
6777,0.025090602220879926
6778,0.004507881139611459
6779,0.0010275690740503775
6780,0.0008638927721000267
6781,0.001959838641472206
6782,0.0014769953340054277
6783,0.0009789447500742998
6784,0.0008691706593230095
6785,0.00011569642883093041
6786,1.1363131303359857
6787,0.00044515434593686695
6788,0.002612688325999339
6789,0.0011861917274504155
6790,0.0017805871573049012
6791,0.01084960827763484
6792,0.0015897054401810737
6793,0.002866045981201598
6794,0.003669471407907386
6795,0.0014730430538893642
6796,0.022032392660276106
6797,0.008793057066109704
6798,0.0025979272981442635
6799,0.0005379057019463466
6800,0.013173753262497718
6801,0.0054022161400845755
6802,0.005192263440139085
6803,0.0016385508968000933
6804,0.00201098313569191
6805,0.002282709983623193
6806,0.006191645581716643
6807,0.0010562664459102442
6808,0.00981858681485777
6809,0.0007209036881396791
6810,0.001501439445352587
6811,0.003658136561223604
6812,0.0005768279064656966
6813,0.00041897235593174473
6814,0.0015674114504866563
6815,0.0007825027929563422
6816,0.0005040933243110307
6817,0.0013038816835038965
6818,0.0023766622111201533
6819,0.0018920909836867839
6820,0.0005006003307867393
6821,0.004065303220698234
6822,0.00719854972722278
6823,0.00023431839496932305
6824,0.00041308671868874134
6825,0.0005287323182446127
6826,0.0015099151354206948
6827,0.004512990538419726
6828,0.0006029249966632637
6829,0.0016257044051141256
6830,0.0012860710502801648
6831,0.0004275542749359134
6832,0.00023892556760078036
6833,0.013461180081204399
6834,0.010057567131732016
6835,0.003097336334993019
6836,0.07657809908652813
6837,0.0003963414049993238
6838,0.00017749875366404822
6839,0.0006625240765584181
6840,0.05781139366276447
6841,0.0039259475183658216
6842,0.0041219633446632105
6843,0.0003831491998551751
6844,0.0007857224382405439
6845,0.08293584783136099
6846,0.002388384090800467
6847,0.0016661369336603813
6848,0.1401572285258651
6849,0.00017704865472563638
6850,0.001561013729799518
6851,0.008198959097539827
6852,0.0015318765408371868
6853,0.004726561291015318
6854,0.2160543157218304
6855,0.0009220708450249333
6856,0.00047910438218170317
6857,0.000349745171703903
6858,0.0004487838790952978
6859,0.0025900526610622213
6860,0.0014677905197411003
6861,0.00020088286049421152
6862,0.00041921615581400805
6863,0.0018388890059930537
6864,0.0011253925873302138
6865,0.00046194003079343116
6866,0.0037736330475272146
6867,0.0010130474825460899
6868,0.000827721165331994
6869,0.0011429896601782511
6870,0.0033355805069015497
6871,0.00165876919898472
6872,0.016330087373057665
6873,0.020037274526486886
6874,0.003864856171839629
6875,0.010063234728498622
6876,0.14726715440906776
6877,0.00019244448350801152
6878,0.0032294146938511557
6879,0.003744439281050279
6880,9.251287906108641e-05
6881,0.0001590407344403338
6882,0.0006214492795605975
6883,0.0667359542745537
6884,0.08540470872759144
6885,0.0027033084012355224
6886,0.03286403522721121
6887,0.002762629476889698
6888,0.0004733458758180755
6889,0.0010937776160421463
6890,0.0021549227394086243
6891,0.0001139434685478221
6892,0.0006010611258560295
6893,0.0009743860858768183
6894,0.0035447324116409215
6895,0.0018577337165578455
6896,0.0037603904698547738
6897,0.0001529847998133778
6898,0.0010585700680669373
6899,0.004944655827107183
6900,0.0017247658980670225
6901,0.0006563314853194587
6902,0.00028246103007859073
6903,0.0011126995846520845
6904,0.0019725713241562637
6905,0.0011367547058057264
6906,0.0008356388296292194
6907,0.0025266869838416308
6908,0.001604390501113035
6909,0.00024159337975949318
6910,0.0014578843505367058
6911,0.002071855110374475
6912,0.0012789192083023228
6913,0.026295963612101573
6914,0.0021732031214144343
6915,0.0003907472437328811
6916,0.019225289411213264
6917,0.000443158312096511
6918,0.0067559099872962335
6919,0.00012478405205425375
6920,0.0006492634872351389
6921,0.0016144349715440346
6922,0.0002007675031708463
6923,0.002220134876292778
6924,0.0018379234170221282
6925,0.0010544802151321712
6926,0.0004472671674617905
6927,0.053815603202982315
6928,0.0005449736707053121
6929,0.002361365721062598
6930,0.00015607575036752523
6931,0.0003331426207330868
6932,0.00027710824194086077
6933,0.002806656141735762
6934,0.0003880810240135347
6935,0.0008947304262422072
6936,0.0016889047182131113
6937,0.0005947128592212445
6938,0.008858786619643459
6939,0.0013235280914452752
6940,0.0002749371273111947
6941,0.0002859478982978177
6942,0.10459109085958365
6943,0.0012867577577054656
6944,0.0014892159516726449
6945,0.0030909410602087467
6946,0.006239809804835213
6947,0.0012518879046447295
6948,0.00032509397567338246
6949,0.00012739832512118863
6950,0.0003201923101375436
6951,0.00012451580729836012
6952,0.000629233707235749
6953,0.0008630394823558386
6954,0.002138422931363244
6955,0.00991975901214031
6956,0.001068586448723019
6957,0.001621443213947241
6958,0.0017768642336795108
6959,0.0079273640159057
6960,0.009134477502911955
6961,0.008283182124891974
6962,0.01511886596724139
6963,0.009248346981766187
6964,0.0008457063982661493
6965,0.011650801886713686
6966,0.005761532642768623
6967,0.001057267632318573
6968,0.035655671888444825
6969,0.00041735738581251354
6970,0.0008015509900509553
6971,0.005155127420085351
6972,0.000852537847647114
6973,0.007725315534874607
6974,0.002380417479183372
6975,0.0006780404677586645
6976,0.0029849177253131057
6977,0.03055048967557931
6978,0.0013055381073676282
6979,0.0014414957563585848
6980,0.00011885163011384269
6981,0.0013799136599234616
6982,0.0024129322331467545
6983,0.0007345588665036426
6984,0.0040091479898952675
6985,0.004028921801461093
6986,0.0026153410390375017
6987,0.0007156738520507237
6988,0.0017307271634516722
6989,0.0011151194333806334
6990,0.014225668468274152
6991,0.0043050413548651
6992,0.003144693893604261
6993,0.0010957603977016026
6994,0.007509028688378687
6995,0.00038011322748668884
6996,0.0024624099746436297
6997,0.007320650084211151
6998,0.0007569052521589958
6999,0.001429632193306252
7000,0.0004200047017793726
7001,0.0006963774856066169
7002,0.0005703147846617951
7003,0.0004882713123728236
7004,0.00910478833121079
7005,0.0023060646442191776
7006,0.0006488803834047614
7007,0.0014206094000769809
7008,0.002199322601046957
7009,0.00094572653382529
7010,0.001633669886964129
7011,0.0002034028834672413
7012,0.0019939110860496944
7013,0.0037032206863690225
7014,0.0030329409185917656
7015,0.001444335164819802
7016,0.0034658353456198847
7017,0.0002490641777215932
7018,0.00046181200579666347
7019,0.0005649308190466516
7020,0.0002517326463287215
7021,0.00034615088712800483
7022,0.0003486545039630785
7023,0.0010451196566312875
7024,0.0011095718750523116
7025,0.0001528167563221455
7026,0.000226646661126799
7027,0.0011324987398145371
7028,0.000497811168301998
7029,0.025251409653019256
7030,0.00011831974005566486
7031,0.0005263073216719124
7032,0.00045674776083938577
7033,0.0014035979522993916
7034,0.0026403390354554548
7035,0.015064792760066116
7036,0.00041992371650694687
7037,0.0003580459157194204
7038,0.0035693018453846386
7039,0.0005645079386811506
7040,0.00026792089499621776
7041,0.0005748390551604651
7042,0.0002045935971261941
7043,0.0006544695202132694
7044,0.004465408544519343
7045,0.0016143228597555596
7046,0.0004539104787721129
7047,0.00024229809952846146
7048,0.00028086635730847236
7049,0.0003384512854326013
7050,0.0005229961808575079
7051,0.002548166645055292
7052,0.0009907906864907255
7053,0.000174226643265072
7054,0.0037004178960425966
7055,0.006636855415936459
7056,0.0011396196590982028
7057,0.0007936892352244211
7058,0.0006448427401608366
7059,0.0008216010814175666
7060,0.002457047343584668
7061,0.0015682757033595263
7062,0.0005297955376040871
7063,0.00023224089069252347
7064,0.0005806662311885702
7065,0.0050877887055113796
7066,0.008346987853156327
7067,0.0015655046273145385
7068,0.0004089722621585409
7069,0.0016122817140074544
7070,0.004176210447650229
7071,0.000777585802006805
7072,0.004194689518004119
7073,0.004614664669498575
7074,0.00023182622113936919
7075,0.0003213640097854126
7076,0.0005265002593728316
7077,0.0002828106781948548
7078,0.00022308357712494894
7079,0.0028337138625280527
7080,0.0018513417870256726
7081,0.0009486197072860799
7082,0.0001948283584807648
7083,0.0015979183355417383
7084,0.013793977584086224
7085,0.0220367841696632
7086,0.0017962768899447122
7087,0.001457299824787249
7088,0.0010109041388179545
7089,0.0017563039109593868
7090,0.021842104562900158
7091,0.0005321550937687838
7092,0.0016060764561175048
7093,0.0005661228753801751
7094,0.0005588913277624052
7095,0.0004236191098980491
7096,0.003277402740645464
7097,0.0008652587855430197
7098,0.0006045122477717364
7099,0.006259894465110415
7100,0.011568899054118502
7101,0.003008411602267714
7102,0.0005882695845304618
7103,0.0031074105253327544
7104,0.0013943641023794566
7105,0.0011892330720580367
7106,0.0026197733141886527
7107,0.005274543932001048
7108,0.0020706217736868467
7109,0.0003582616607447061
7110,0.010082113802822939
7111,0.017661114535851275
7112,0.003660804400010514
7113,0.02625996673794292
7114,0.0027126901813203166
7115,0.007927692909688455
7116,0.0007630085426392531
7117,0.015733138572128658
7118,0.00048300904469388375
7119,0.0006903133854313571
7120,0.0005831023653528442
7121,0.0006663505856292839
7122,0.0007932940667281854
7123,0.00101175342916539
7124,0.0006425968339206171
7125,0.0015247937410266645
7126,0.0008169146021506836
7127,0.0005172273719645293
7128,0.000701191665777376
7129,0.0004698943519191959
7130,0.0006097751243632867
7131,0.08195981135439617
7132,0.0009329155762994705
7133,0.017829225421414605
7134,0.02557371885001598
7135,0.010492608964749935
7136,0.0233655789172974
7137,0.002776456108550973
7138,0.0014004404864597125
7139,0.01886493920702761
7140,0.0011476850317120083
7141,0.0005027946661424479
7142,0.00028067338975853366
7143,0.0020633810526550426
7144,0.0031203366043622022
7145,0.02939363237126526
7146,0.0015631763906245788
7147,0.0003382982886606015
7148,0.00044546217474044817
7149,0.0006219999756883759
7150,0.0005781068075545463
7151,0.006909263386453345
7152,0.0007144965750067706
7153,0.010504271102479971
7154,0.004684620543009979
7155,0.0008963454053050858
7156,0.001736836589664823
7157,0.0002627949971046883
7158,0.0032572768799761023
7159,0.0050369482008820465
7160,0.007333785724324466
7161,0.005786030968767338
7162,0.0002624850723301648
7163,0.002047023016907743
7164,0.009383256116617776
7165,0.0002656468206214213
7166,0.001712179806619406
7167,0.0013613422460667342
7168,0.00015934598960568725
7169,0.0019239227967277435
7170,0.00034330472365410344
7171,0.0002857505320223071
7172,0.002781627992211086
7173,0.0006140954760034206
7174,0.0035761205622926485
7175,0.005759387549014127
7176,0.007026168394123283
7177,0.01701629947291977
7178,0.001406324580338676
7179,0.0010703840801798798
7180,0.0018816126301454776
7181,0.01563633719244405
7182,0.0012629413777193502
7183,0.001010778945212273
7184,0.030821590580732548
7185,0.010451162392964994
7186,0.0008986216897593722
7187,0.0011080367397429017
7188,0.0015024436545484966
7189,0.0013496714761527108
7190,0.00029813081258306027
7191,0.0023723680501687733
7192,0.00631072914715076
7193,0.004346419209736489
7194,0.008063960347062782
7195,0.002561830305558981
7196,0.003585451521619453
7197,0.005573805308433015
7198,0.006120246141221785
7199,0.00918896245414653
7200,0.0026032574301744333
7201,0.004049196290328154
7202,0.0010477431450447085
7203,0.0007805508163551176
7204,0.0006776869185572714
7205,0.005720344779843258
7206,0.0025671437710205612
7207,0.006244070901420109
7208,0.0004422942605993253
7209,0.000202421673131753
7210,0.04062901464525906
7211,0.00105876500216173
7212,0.0013964582210906661
7213,0.0002513474601118138
7214,0.011879544188636133
7215,0.004441692453351386
7216,0.0029499574203917574
7217,0.0027626919649726277
7218,0.0020202869781496026
7219,0.0007911534277528904
7220,0.0029655328070478165
7221,0.0010806630568768328
7222,0.0037926357285383823
7223,0.0013065712875694885
7224,0.0008561161072955548
7225,0.0028321322567017877
7226,0.016772727534793686
7227,0.05621355170778497
7228,0.0023019057463704554
7229,0.004354404556086114
7230,0.0004944940056619945
7231,0.0008949909107435601
7232,0.0028942373285787823
7233,0.001963084549499172
7234,0.011720062344265265
7235,0.0006566852134115186
7236,0.0002944251641925689
7237,0.0005726080503411111
7238,0.00010792463728295742
7239,0.004745800998086055
7240,0.001630432538398585
7241,0.0007141628023721886
7242,0.0033460454788010034
7243,0.001286859032094148
7244,0.0009090471269647945
7245,0.0006865064228689841
7246,0.0006436175001410656
7247,0.00287646144406067
7248,0.0008688924584461707
7249,0.001454052437829605
7250,0.012753088795213113
7251,0.0002952780594332361
7252,0.001724191241249385
7253,0.010271102276837264
7254,0.11102635154824914
7255,0.0013625447749674663
7256,0.004982609492101437
7257,0.009854407040873054
7258,0.004053001323643651
7259,0.0008964562603830193
7260,0.005897927100296838
7261,0.0036949926673126928
7262,0.00026832044219948586
7263,0.0006492083355648158
7264,0.0006342620965480495
7265,0.001994670473925039
7266,0.0014115608086423884
7267,0.00012098804727367822
7268,0.003571895019763638
7269,0.0018169871277598211
7270,0.0029253439948046796
7271,0.00045954033664228884
7272,0.25127238441042044
7273,0.00579097543783245
7274,0.0007393051717284138
7275,0.020190431727748193
7276,0.005078992787538094
7277,0.0012652895764914394
7278,0.0008146652876199183
7279,0.0012180808201719597
7280,0.007888720605086733
7281,0.00023181222604920629
7282,0.0006534425451758144
7283,0.04254589258488532
7284,0.001614340601852122
7285,0.004858144992687373
7286,0.001737441323274067
7287,0.00043837239097311046
7288,0.0005334531121303332
7289,0.0002886314132477878
7290,0.002784936660842389
7291,0.006025370844863593
7292,0.020212458638907145
7293,0.0004380120286245984
7294,0.0013907242470369363
7295,0.0003236928041008993
7296,0.0004499338413504364
7297,0.0017091663561644146
7298,0.005447539484462078
7299,0.0012232665283655273
7300,0.0012566161857417366
7301,0.0013459868935806268
7302,0.0009005071366749034
7303,0.000260759592365365
7304,0.0004388391536054772
7305,0.002166971844206024
7306,0.001336747432752658
7307,0.001558392442690432
7308,0.0009886669348389905
7309,0.00019470681285625496
7310,0.005685543118430785
7311,0.0007664001784907503
7312,0.0039366866427003044
7313,0.001968455789592999
7314,0.00033809935290764664
7315,0.011127488852947532
7316,1.0564466695827652
7317,0.011439765864360648
7318,0.0012791950271188455
7319,0.00031281216005439686
7320,0.0019070507205202405
7321,0.0003456753330934699
7322,0.00667525290481476
7323,0.00030923610424016994
7324,0.0006649198013158076
7325,0.0021263834485380434
7326,0.00039124538624917346
7327,0.00019169612247290916
7328,0.0003876948777623042
7329,0.00046342443242492637
7330,0.0027178841822193163
7331,0.0075035830155894675
7332,0.000965806178716538
7333,0.0013952720958146372
7334,0.018001805487833082
7335,0.0005506982926075174
7336,0.0004787766799838268
7337,0.000985466611340858
7338,0.0004720615484181653
7339,0.0003131192412819293
7340,0.00028555097948653157
7341,0.00014107530386501502
7342,0.001376920425002187
7343,0.002700723493299186
7344,0.26638499501392393
7345,0.008455043954012574
7346,0.0005791624066854966
7347,0.0038824666372437307
7348,0.0008999960495505245
7349,0.00038780076639579144
7350,0.00728239478716074
7351,0.007364885089561121
7352,0.0005861731406901295
7353,0.00134413808412405
7354,0.003790353488338998
7355,0.0002871452536197959
7356,1.9940610568528423
7357,0.0004156492854845679
7358,0.00016278310431216245
7359,0.00040353916291422433
7360,0.0005940950432618777
7361,0.008513625575625856
7362,0.0003298855977762328
7363,0.0014184213895365794
7364,0.01096463015734109
7365,0.00041995100659256244
7366,0.00031674662133147116
7367,0.008472788817988337
7368,0.028877927296256933
7369,0.0003976175956424935
7370,0.0032955770031564057
7371,0.0010597061205278437
7372,0.0002491860631624345
7373,0.0015436693750057193
7374,0.0013567508656361766
7375,0.0004424562179980968
7376,0.00021481769945119186
7377,0.0016905081160759868
7378,0.0006503041057044269
7379,0.0022051709356637472
7380,0.004248230567124471
7381,0.0009054484929233989
7382,0.0019840302019130543
7383,0.0010596317865052903
7384,0.0007330835341818772
7385,0.0006230625477243506
7386,0.00027587633603555196
7387,0.002535399317446324
7388,0.00038536606787375116
7389,0.0002753545489535582
7390,0.003858791328994284
7391,0.001629544308848086
7392,0.0006176505758502323
7393,0.006578144736781168
7394,0.013750994500765775
7395,0.0006842143444302421
7396,0.0020413784934665536
7397,0.015080177080299358
7398,0.0005018260363035341
7399,0.0019975349981499043
7400,0.002410964421585943
7401,0.0003383025932880012
7402,0.006388937064867558
7403,0.0005967683267122522
7404,0.0006813381526704214
7405,0.0004461507293047087
7406,0.0006254924783502911
7407,0.0023013143325301363
7408,0.0022498440200449375
7409,0.0028863309514430744
7410,0.005052889498006654
7411,0.0050114415119512125
7412,0.0005303336332358368
7413,0.004783737009693892
7414,0.004604213049928103
7415,0.0032105493070048088
7416,0.001587670247104295
7417,0.0002947099635543542
7418,0.0005328627137705014
7419,0.012719824004289672
7420,0.00025371698548040813
7421,0.000576739856862502
7422,0.00022626214414438688
7423,0.025213983071625173
7424,0.017026949393920222
7425,0.0021150655897890177
7426,0.0005312683334869183
7427,0.0009065625454703701
7428,0.021536452762301265
7429,0.009920464844046352
7430,0.0003709489531908301
7431,0.0013725775797056017
7432,0.004581153625917168
7433,8.033227325374411e-05
7434,0.0015924771535319217
7435,0.0004944702679483652
7436,0.011749637611340331
7437,0.0018841752439175072
7438,0.0015335165500652173
7439,0.021594779972220292
7440,0.0006788715200126272
7441,0.003651481601395744
7442,0.002013254642978892
7443,0.0007743536073551829
7444,0.008740927508250791
7445,0.000347781214405039
7446,0.0046561367887916144
7447,0.0005938885026609856
7448,0.0013329683106812083
7449,0.00027858101058120293
7450,0.013609599212663874
7451,0.0014683311786741556
7452,0.00107320522583579
7453,0.01989832022700437
7454,0.00017242143717850812
7455,0.0007536631734477567
7456,0.0012400277488495838
7457,0.0006259941765274516
7458,0.0011223961928843323
7459,0.0003005241274720355
7460,0.018054963355883493
7461,0.0041172141725410675
7462,0.0036846900682169477
7463,0.08562629559314194
7464,0.0036692318688084278
7465,0.0037127948004334163
7466,0.001090786577502516
7467,0.0002161977867398909
7468,0.009309239999493306
7469,0.0001491268209767782
7470,0.00126294015788096
7471,0.0034736116638961626
7472,0.0008558397969155633
7473,0.04864151066177213
7474,0.0067552167712967015
7475,0.002377290359498755
7476,0.0002498278544008196
7477,8.526813208737322e-05
7478,0.0015452856363037818
7479,0.0010662302482788986
7480,0.00021537979640457635
7481,0.002767474100181791
7482,0.018408761707344592
7483,0.04630594991282471
7484,0.002584449114961092
7485,0.0005586873005686658
7486,0.0002945904550632925
7487,0.0019542784244413833
7488,0.007297781302658901
7489,0.0007683168406049423
7490,0.00033285209689851776
7491,0.0195680320777049
7492,0.0020457578023320875
7493,0.003072036120436386
7494,7.976382984254345e-05
7495,0.0012627489200688882
7496,0.001922772337002216
7497,0.001463072247364194
7498,0.0024206470795565703
7499,0.005566734334996639
7500,0.005409974315269134
7501,0.0023017096677281457
7502,0.004219050547182179
7503,0.00142821162068424
7504,0.0005478456801941065
7505,0.0031234966709033107
7506,0.0009405173541468274
7507,0.0030366986792121926
7508,0.003585145106752921
7509,0.001117528448876983
7510,0.009948972310265584
7511,0.0005953325602777653
7512,0.001636082501406678
7513,0.0025940531849728064
7514,0.0008148390321912162
7515,0.0006715312184499877
7516,0.0019189155096216172
7517,0.001031994039789087
7518,0.031140448345438186
7519,0.00037830926408079365
7520,0.003116574223815753
7521,0.0011625803878120063
7522,0.00035266358282513214
7523,0.000858796551618479
7524,0.005779876201058509
7525,0.002419734474716403
7526,0.0014613109649414793
7527,0.0015151266288568378
7528,0.000277455765956572
7529,0.0008317880730567971
7530,0.0020349516890588383
7531,0.0028452873948859774
7532,0.0026528706857265683
7533,0.001958874690057871
7534,0.00028177372360880024
7535,0.0006205611000714262
7536,0.0031897720696548878
7537,0.011340010978336867
7538,0.0013134501809314693
7539,0.0008582098269137678
7540,0.0008389500790580524
7541,0.002474537320180962
7542,0.0006146443317005299
7543,0.8818379607570535
7544,0.0005370242529675203
7545,0.00015050767491046554
7546,0.004447146078687728
7547,0.008696019257399998
7548,0.002359656317983919
7549,0.0019102276962506017
7550,0.46154566303733224
7551,0.005571300886766513
7552,0.0009935971772491484
7553,0.0013139186516472195
7554,0.01287229705117938
7555,0.0004124867253197162
7556,0.0006440838133689569
7557,0.001509116451924588
7558,0.0001360004701234245
7559,0.003900772744616916
7560,0.007228836472388855
7561,0.02652742713816426
7562,0.00045600708009316065
7563,0.0008602184684211153
7564,0.0017463396801347163
7565,0.0009874110704722343
7566,0.0011711234387504666
7567,0.008985807568255205
7568,0.0020491587101912
7569,0.00177741960209665
7570,0.0008117630020892857
7571,0.047307118372845215
7572,0.0024900011369805722
7573,0.048630811249250366
7574,0.0030087520011482004
7575,0.0019928421238107528
7576,0.004855052627267129
7577,0.011973308915928908
7578,0.0002314085226055428
7579,0.00045216247276044883
7580,0.0047296603132028795
7581,0.014922767890307779
7582,0.0005924901817482785
7583,0.012118485253349538
7584,0.05534246696745096
7585,0.0031095002750932917
7586,0.018886179017563183
7587,0.005665700746837516
7588,0.0037899045068445635
7589,0.001830400060099753
7590,0.0024283767018772728
7591,0.005306532008067913
7592,0.001173556080667584
7593,0.00036391857431567533
7594,0.0033387745940283977
7595,0.002798574038608889
7596,0.002836997955830551
7597,0.0005062206250957459
7598,0.0025963509949402516
7599,0.00033378176744667203
7600,0.0013828099940490946
7601,0.00032401011121290955
7602,0.00017859937695176948
7603,0.0003946555515603301
7604,0.002285332508183736
7605,0.00044697087289045294
7606,0.00024228971163157008
7607,0.0005604088641096616
7608,0.00018329130491797943
7609,0.006541129414853916
7610,0.0050247699756772995
7611,0.0030708473783995736
7612,0.0015254156029303645
7613,0.0008851757701205397
7614,0.0008767134525158839
7615,0.0038034742192419096
7616,0.003262319189322672
7617,0.006607736624314635
7618,0.0021226390736457205
7619,0.00036489704111831664
7620,0.005364521248240483
7621,0.00272339764841638
7622,0.008120861853293117
7623,0.0007320075658726953
7624,0.00022893138362111259
7625,0.0032760839872371154
7626,0.0009303915429672955
7627,0.0018904120050098575
7628,0.008253507531540371
7629,0.13633613539664283
7630,0.02139708683686654
7631,0.00030694839460047613
7632,0.003320577030300049
7633,0.0008847187482318907
7634,0.007051572519765676
7635,0.0004010817805497037
7636,0.004753754127361333
7637,0.0005584715675608222
7638,0.003954425710433017
7639,0.11007710679389511
7640,0.0006154672953100492
7641,0.0004005864734994621
7642,0.00032941440319483086
7643,0.0012085789870975748
7644,0.0006102533439320204
7645,0.022900899055268077
7646,0.00034276105797494046
7647,0.00023112303972604406
7648,0.0033831347877451997
7649,0.002254514183027053
7650,0.0076781930656133965
7651,0.01141167657433595
7652,0.002696568820427384
7653,0.018575982772083614
7654,0.002029345044333154
7655,0.001153047225308131
7656,0.00040205191822732615
7657,0.000936966982377277
7658,0.0004394937550107818
7659,0.0002758708935043107
7660,0.00060730610047719
7661,0.0030734118420282443
7662,0.002070013015228116
7663,0.0014664330646560282
7664,0.001043632560182033
7665,0.0011160540170681767
7666,0.00570291249471511
7667,0.0027788920400026096
7668,0.0003850149781271262
7669,0.00018123008080559594
7670,0.00021581208475388337
7671,0.0001878197622035934
7672,0.00920142409760287
7673,0.0176148588122517
7674,0.005036813221391389
7675,0.0012545414701097385
7676,0.0009186417045214046
7677,0.0007756288686532918
7678,0.007768726818513338
7679,0.0009524564239037784
7680,0.0005166605297903292
7681,0.0062295295502509205
7682,0.0013764219288039128
7683,0.001286516320787031
7684,0.004681736877280205
7685,0.0008176731131383869
7686,0.029230877598941447
7687,0.0022112535897153623
7688,0.027612010927245016
7689,0.03094774261285903
7690,0.007503483491276586
7691,0.0004232346996814756
7692,0.011980209648694416
7693,0.002548029970203465
7694,0.00014362889829601345
7695,0.002979204693323274
7696,0.00243098192235297
7697,0.01660708520790278
7698,0.0012152625980451394
7699,0.0005331554234096914
7700,0.0030250657432311
7701,0.0014790552850459356
7702,0.0005996114533960137
7703,0.0003954890168221764
7704,0.03446838118665643
7705,0.0064804819393985795
7706,0.00019093407088435115
7707,0.0005288122166845689
7708,0.00018955699129579993
7709,0.04272597270408592
7710,0.011063741409581055
7711,0.0011716197372528435
7712,0.00041348501189216494
7713,0.16969553045040447
7714,0.0019167073307566995
7715,0.0007736078649660097
7716,0.00022671614083730725
7717,0.013028464276131869
7718,0.002178154384086402
7719,0.00022011596235751117
7720,0.007549360533740189
7721,0.002443879820594373
7722,9.014668498695347e-05
7723,0.0013497479280301598
7724,0.0012279994696733536
7725,0.007304977129654023
7726,0.0013836930448385568
7727,0.0026221383568630226
7728,0.0002523695223592188
7729,0.00044084043171930935
7730,0.00014454919586518475
7731,0.01621496934921324
7732,0.001516565358217601
7733,0.0012786348163701714
7734,0.0023553829767267403
7735,0.0003693256365977187
7736,0.0075689248726412035
7737,0.0002378621300759387
7738,0.0012987901123446056
7739,0.00238044343735365
7740,0.0018510890768621648
7741,0.0001740978902344609
7742,0.0033237091404147274
7743,0.04340197994646592
7744,0.00030163214231057037
7745,0.003213368076100309
7746,0.00024280804377742945
7747,0.003342927344883834
7748,0.010628427117093255
7749,0.000524573019887077
7750,0.014905457674418138
7751,0.0018693144546889258
7752,0.002314814445817518
7753,0.0009709066491303965
7754,0.0005984606009235431
7755,0.0003405737891575272
7756,0.0009622023058493797
7757,0.00160198487961902
7758,0.0005623781987671522
7759,0.0005087097510818887
7760,0.0005217930453266594
7761,0.0003478970573999628
7762,0.003532178280707453
7763,0.0012945843649270266
7764,0.008547131064837702
7765,0.002045344853306378
7766,0.0011199919948796065
7767,0.0008724579168608748
7768,0.0011880637966736084
7769,0.001759270059629043
7770,0.0007681994020594534
7771,0.0011056078129182076
7772,0.00011851957660980371
7773,0.0006801797128059644
7774,0.0015407536164293739
7775,0.004993051693295907
7776,0.0004441666168974248
7777,0.00041773079327207677
7778,0.0002136194663247781
7779,0.004366740600875138
7780,0.010648150204468337
7781,0.0009198719425139897
7782,0.0009538622485347704
7783,0.005822011076573779
7784,0.0007927284034466279
7785,0.0012126799756868186
7786,0.044392127991731596
7787,0.058053097528976846
7788,0.06514812922074573
7789,0.0011451358080917073
7790,0.016890070127116096
7791,0.0006006248273828643
7792,0.004250161462265234
7793,0.0016722278710242372
7794,0.0028042797780882746
7795,0.0010903402939152534
7796,0.0010809358021817617
7797,0.020588148440526803
7798,0.003890478299670132
7799,0.06055851566950084
7800,0.0006454877693724554
7801,0.010536122476791084
7802,0.00043949231108552115
7803,0.003024730213890819
7804,0.0006325114322600626
7805,0.00033166057926482443
7806,0.011256651419542539
7807,0.0028673739173296128
7808,0.014068322204727781
7809,0.0011265064756327944
7810,0.0477469415359281
7811,0.0007098777525163341
7812,0.0008160869929039907
7813,0.0005204636980416817
7814,0.006854276908163988
7815,0.0008264743207282855
7816,0.00034128630597163854
7817,0.00023939855758144435
7818,0.0018051550765393596
7819,0.0005442483782831509
7820,0.000924649184179317
7821,0.00012285633745127443
7822,0.00014941319347448458
7823,0.004323740119177384
7824,0.4182756714488227
7825,0.00010255168822444875
7826,0.0005630626302393782
7827,0.00033413630430561284
7828,0.0005279998726497369
7829,0.0016201091105780413
7830,0.019576592533338762
7831,0.0003913152280207276
7832,0.0003053233773495863
7833,0.0012452338226526013
7834,0.0014056383670908318
7835,0.0009104805298027217
7836,0.002491236406457422
7837,0.0010720218486118093
7838,0.01722661718529494
7839,0.0004229228428529713
7840,0.002076850258746152
7841,0.0004366626340940178
7842,0.002405040239328609
7843,0.0005680014003415574
7844,0.0015121888883347805
7845,0.002448822988625872
7846,0.0010117753517124783
7847,0.0005854927132552148
7848,0.0011654562421026067
7849,0.0015821130630046182
7850,0.000916883075951983
7851,0.014714967254483421
7852,0.0011473593573718673
7853,0.0012516322163825806
7854,0.0009519630398776486
7855,0.0009751326929429404
7856,0.0006557936103357461
7857,0.0008641812793023728
7858,0.003032826602595965
7859,0.0031419792791781455
7860,0.0003128122155529839
7861,0.0021852916623235717
7862,0.02324823556499096
7863,0.007305841621501306
7864,0.06785470066625214
7865,0.0011406409799141401
7866,0.00904220800411617
7867,0.0006494425992340462
7868,0.00017371146895798294
7869,0.0040441526114173235
7870,0.006647633208552487
7871,0.002110211277314109
7872,0.00024102055250290095
7873,0.0028867450031939213
7874,0.0007367733399411045
7875,0.006952723058574976
7876,0.0008341687783290042
7877,0.001803028969946627
7878,0.005040415160471756
7879,0.003320273395358446
7880,0.0002978914467541482
7881,0.0012687702932398309
7882,0.005857857539152801
7883,0.09516813680370843
7884,0.0008483385035420163
7885,0.0021043172499793403
7886,0.001795751747601932
7887,0.0007336997124215744
7888,0.000674547070665391
7889,0.006332953027685051
7890,0.003790981412082638
7891,0.00789140158162745
7892,0.028495449122170384
7893,0.0012974163059818308
7894,0.00040772895077682223
7895,0.000600354240715907
7896,0.0031649076839472706
7897,0.004490931454499127
7898,0.0007395822125926497
7899,0.002186590505186253
7900,0.0003057364794018344
7901,0.0002674360900751467
7902,0.000601761996891209
7903,0.012852349984761324
7904,0.00036466877370958567
7905,0.00020611753278907362
7906,0.00028637374496519894
7907,0.0038866110886364344
7908,0.002407634358436406
7909,0.003917271453470368
7910,0.006843684367318908
7911,0.00836646300725738
7912,0.0029996522782663702
7913,0.002012011965174585
7914,0.0007251412344562522
7915,0.0018932876531877715
7916,0.0013710931871601002
7917,0.009560151778117915
7918,0.09565499031364764
7919,0.005361352516503464
7920,0.0007388894243627123
7921,0.0023261773737345785
7922,0.0009785438282244256
7923,0.0019168036755098127
7924,0.00037942961631330923
7925,0.0013745968636067914
7926,0.0006905743785476615
7927,0.0036694059486826764
7928,0.00020057805886901115
7929,0.0007994593340222047
7930,0.003748737271911004
7931,0.0008465605738064418
7932,0.00901354632939726
7933,0.0012338174269194303
7934,0.00017122822677005306
7935,0.001700657091229078
7936,0.005237798887786723
7937,0.0018678566244744392
7938,0.02385681652243235
7939,0.0009765510125885644
7940,0.00016944739174465522
7941,0.0024305275397791697
7942,0.003690732223542524
7943,0.004540946675126909
7944,0.0014574145559716376
7945,0.0010167938953116228
7946,0.000600154151853303
7947,0.00020946603264455994
7948,0.00044762677711087057
7949,0.01670254067188871
7950,0.0011285925504408369
7951,0.0007348680859000425
7952,0.00026271398988625394
7953,0.0011038315778821848
7954,0.008894180199257935
7955,0.00024468343841620974
7956,0.0018132138488541098
7957,0.00808528055461465
7958,0.0016461013286617548
7959,7.182752105528381e-05
7960,0.000825209986707886
7961,0.000279832149929396
7962,0.000907033527564126
7963,0.001211165868807638
7964,0.007404968399240491
7965,0.000577267423509129
7966,0.00034381659956016377
7967,0.0006192318093340726
7968,0.0020155480338699453
7969,0.00014074156783941072
7970,0.000620038758516869
7971,0.0002310533726540618
7972,0.0023327037875564486
7973,0.0008597990883417265
7974,0.0007092808158457328
7975,0.0005267176488247957
7976,0.0005975411022439651
7977,0.00020853901628098886
7978,0.0005098095475430367
7979,0.0005825549996674336
7980,0.0035429080937503235
7981,0.009097379563178205
7982,0.0011312890909776548
7983,0.0028906679327841966
7984,0.011346707515361194
7985,0.0007246963884930646
7986,0.6301449964698929
7987,0.0015230345018904625
7988,0.002195582515707202
7989,0.0012609647031204382
7990,0.10364149126958087
7991,0.002072558780924183
7992,0.01040415368096715
7993,0.0018413766100940964
7994,0.0009798291034200134
7995,0.001180776826703434
7996,0.0004893368837885307
7997,0.00102673384540141
7998,0.008088458821402104
7999,0.00041925587982367414
8000,0.0244499877145065
8001,0.07193707947971256
8002,0.0026483087712288623
8003,0.01021189964753965
8004,0.00508318536779751
8005,0.003350442174922005
8006,0.004973396290588928
8007,0.0010943512793993413
8008,0.010785552099512692
8009,0.014639328553544731
8010,0.0012766152310552364
8011,0.0016668344233281755
8012,0.0009628739300916763
8013,0.02374838648690625
8014,0.00038795035938503337
8015,0.0013944053637182175
8016,0.0002531852825651737
8017,0.0014617845326641197
8018,0.00015918541601225007
8019,0.0003938369644269744
8020,0.00021965799493941734
8021,0.01474348020520337
8022,0.0015017982953147702
8023,0.00038363198756213184
8024,0.00194741978350544
8025,0.000988769665792775
8026,0.055228831355244055
8027,0.004367958948061187
8028,0.00023776101221657263
8029,0.0009448468991223686
8030,0.0029961387352182836
8031,0.0007535542423231791
8032,0.0020079763719685517
8033,0.0018760525024962532
8034,0.0004399784223367098
8035,9.225044944169738e-05
8036,0.0022393717060692265
8037,0.00798461292223586
8038,0.002770862989864547
8039,0.00028064932184697426
8040,0.000654235049861766
8041,0.3381840296630278
8042,0.0011428597549305627
8043,0.00024313934143959732
8044,0.009910744446409969
8045,0.0002732448764293104
8046,0.0010529246143553999
8047,0.000521801951159181
8048,0.029714791061369594
8049,0.0005457512615709093
8050,0.0018894064655946385
8051,0.000897511446746764
8052,0.023495256215905584
8053,0.0012696012024900711
8054,0.0006161348605115515
8055,0.000519110786076486
8056,0.0043736351072452394
8057,0.002480819407953755
8058,0.019005521901759963
8059,0.5734539211028388
8060,0.0018271131119813407
8061,0.0027650997685941398
8062,0.009827543769982442
8063,0.00027369922561162115
8064,0.000367421277933786
8065,0.0013928512058993705
8066,0.00605668999013977
8067,0.01169260374396946
8068,0.0015064966430498594
8069,0.0003457550673138292
8070,0.0003511387905284378
8071,0.0007796190053899247
8072,0.0010491480979190188
8073,0.0008413366390953904
8074,0.018346772184422048
8075,0.009334732487337917
8076,0.0025613566184303172
8077,0.0008819696541448709
8078,0.001155720122305763
8079,0.0003542569054406401
8080,0.00045236068826929167
8081,0.0010397507362610824
8082,0.0009954538520454725
8083,0.032171724536176984
8084,0.00044756949849728976
8085,0.001458197075276724
8086,0.0004612415941492734
8087,0.0008526687482613904
8088,0.0007620669951445051
8089,0.0011553661883310497
8090,0.08275159303662928
8091,0.0006567138841965585
8092,0.0005781278967846475
8093,0.0008648190174935003
8094,0.001230761953039583
8095,0.07240062995297226
8096,0.002212051696708095
8097,0.030004229617544557
8098,0.0013522426850099995
8099,0.000988475846550719
8100,0.0029838983534919107
8101,0.0014650838765435182
8102,0.00619325480936728
8103,0.030533162873408848
8104,0.0007904603945358704
8105,0.0026513672134255368
8106,0.0017602085621226918
8107,0.001456968175580315
8108,0.00043884600561968295
8109,0.07714768950046083
8110,0.009401906537359589
8111,0.0038808280611155152
8112,0.0007110285270760787
8113,0.00040825797194016093
8114,0.002126711285119792
8115,0.0022888755494673138
8116,0.0008544362010074956
8117,0.0041780942004527285
8118,0.0005165021619949869
8119,0.0021607793146485206
8120,0.0010738417559898429
8121,0.000497265224187581
8122,0.001730902741959876
8123,0.0007415908416218661
8124,0.0011143275358464493
8125,0.023547732800638245
8126,0.0007302535356536713
8127,0.00608556106748767
8128,6.640737936504321e-05
8129,7.572210184173661e-05
8130,0.00016633154177996462
8131,0.0009184744819510777
8132,0.00034207210883757514
8133,0.00027276022507884807
8134,0.0003956944579346778
8135,0.0017194593820515406
8136,0.019881913519667362
8137,0.00196594591166774
8138,0.00020767212749421267
8139,0.0004069515719602633
8140,0.0014615863987100892
8141,0.0004495610793788263
8142,0.0070049964935742426
8143,0.4639355732174831
8144,0.0070124335796968446
8145,0.006787326765582096
8146,0.001426775587138477
8147,0.008615470070471318
8148,0.0021559808184032415
8149,0.00023921249273821903
8150,0.0008388923944025858
8151,0.02047890103031574
8152,0.0004103745732548501
8153,0.00024208402870145286
8154,0.016651110338775796
8155,0.00026961044905064415
8156,0.0011587533340065984
8157,0.0012596112442823599
8158,0.0005184172382667661
8159,0.0003073589213174246
8160,8.276520344418703e-05
8161,0.0011007632403652497
8162,0.006066165658975839
8163,0.0012550599048714133
8164,0.026009997103524366
8165,0.001393059816844507
8166,0.00383792624942156
8167,0.000992359463759114
8168,0.003698729173011375
8169,0.0001638598861137924
8170,0.001307753041497662
8171,0.00172465506115279
8172,0.20447410933397014
8173,0.000575046168164951
8174,0.00030363468924039853
8175,0.001521512224877868
8176,0.0013300999682444353
8177,0.0030749770524795463
8178,0.0002077601390379734
8179,0.011098714457477841
8180,0.006997051693709141
8181,0.0030072217006890324
8182,0.00825986696985291
8183,0.00026777281832169345
8184,0.009902004341304237
8185,0.0005579535961103995
8186,0.003467276930171732
8187,0.003232073328336561
8188,0.0002577303099280524
8189,0.002056357082211594
8190,0.000258335961683057
8191,0.001963033356800856
8192,0.00022049328156503164
8193,0.0018908369926279407
8194,0.14757060505152544
8195,0.0002707007393152772
8196,0.012567363897844741
8197,0.00036697097757209537
8198,0.0006321010383059248
8199,0.4149606590678685
8200,0.040973512910153505
8201,0.002209885699809823
8202,0.012500965060852732
8203,0.031257802850603096
8204,0.013937767107649362
8205,0.00015509407764751438
8206,0.0032579054119537573
8207,0.00030144303243013056
8208,0.0008841394517069038
8209,0.00016298083872202666
8210,0.0094587004194596
8211,0.006049158201814059
8212,0.0024400434876661143
8213,0.001469523539633918
8214,0.0015450387130361198
8215,0.0005926368969542372
8216,0.004054164271644418
8217,0.0005683749121040567
8218,0.00036391717245910305
8219,8.983959477641102e-05
8220,0.007876409483641343
8221,0.0019676418907249678
8222,0.0030904798657935056
8223,0.004639651146046464
8224,0.024324686158437497
8225,0.0010122694233685365
8226,0.0011977731020688725
8227,0.0006124564779711416
8228,0.00035546947674950746
8229,0.005586256039989115
8230,0.040909820754511
8231,0.00029473679551157944
8232,0.001175450290157182
8233,0.001824265641656874
8234,0.0005750410257653743
8235,0.6618072882721604
8236,0.0007315861090456671
8237,0.0019146117211195494
8238,0.000673405971000707
8239,0.0010374726169697086
8240,0.0012086154813417472
8241,0.0009055460501363357
8242,0.0018057209249037376
8243,0.0023403656715881285
8244,0.0013313740655607495
8245,0.0007356160405308706
8246,0.0007107152216788403
8247,0.0005303087306472112
8248,0.00048135464183291453
8249,0.0012912680939848355
8250,0.010383331468344555
8251,0.0018953717112175261
8252,0.005159359968368006
8253,0.00042012461282826195
8254,0.0008819168340627782
8255,0.0012238209699891296
8256,0.0005964447302502114
8257,0.001204413129189098
8258,0.0005228138755411536
8259,0.0009438823931448439
8260,0.004456747062511857
8261,0.0001767718082788614
8262,0.0024516502203761116
8263,0.00084928451289574
8264,0.0006755271719174595
8265,0.0007337975997013611
8266,0.001298641280054747
8267,0.00034528305025580103
8268,0.02641685765659623
8269,0.003985688279887991
8270,0.0011835354264759055
8271,0.006054120163216759
8272,0.000612197373289348
8273,0.0009199577415851849
8274,0.0005920933473257767
8275,0.0007172009412796386
8276,0.025004478822386052
8277,0.013827735844645334
8278,0.0003041514104062929
8279,0.04153580189094556
8280,5.4082955391327996e-05
8281,0.003690319696547853
8282,0.06284524331687037
8283,0.0023797741803149005
8284,0.002394720061860975
8285,0.002027642851915115
8286,0.0006914834258705124
8287,0.01187942937615793
8288,0.00024051644565987443
8289,0.0007608920065617248
8290,0.0004725348298920308
8291,0.0008079467043901461
8292,0.0011000918520743207
8293,0.012058104904582213
8294,0.001072320534720154
8295,0.00014357005571135527
8296,0.0006176424503620412
8297,0.003160400644985343
8298,0.004980308321647262
8299,0.0013984409242060163
8300,0.0020709662982032907
8301,0.0026962619810699823
8302,0.0037303707562026723
8303,0.002958030521142797
8304,0.00038465870391985986
8305,0.006020008678102826
8306,0.0003426865097393189
8307,0.014986310487407974
8308,0.0005977049016423472
8309,0.00033770062661053985
8310,0.011609351642237219
8311,0.0006838849857943029
8312,0.0013114010975327133
8313,0.0017503215368189571
8314,0.02921959539471542
8315,0.0015237784405535755
8316,0.00301185215164522
8317,0.0011890330052834923
8318,0.004614140152362817
8319,0.00043794491633864646
8320,0.0005149973454118632
8321,0.012106534593928945
8322,0.0008202339768381159
8323,0.003532093414717536
8324,0.00039974175427305917
8325,0.004892118165784588
8326,0.005815319515516909
8327,0.000760461453332817
8328,0.0005219386138724511
8329,0.0035495723758264324
8330,0.005759597788158255
8331,0.00022044183128481929
8332,0.009117498241770857
8333,0.0002573052629033606
8334,0.00030277954980186293
8335,0.00016016369564746664
8336,0.004826027879476343
8337,0.0025549482750937473
8338,0.0002233120722495778
8339,0.0014033607469423563
8340,0.0036466318908773615
8341,0.000749341602516488
8342,0.0021745513230554472
8343,0.00497663935823189
8344,0.0027276775015744976
8345,0.016922140532624322
8346,0.0029948909765503983
8347,0.0006487092485473194
8348,9.100061194707087e-05
8349,0.000894487630515245
8350,0.002476338433321362
8351,0.0016292686032298618
8352,0.0033182308957178993
8353,0.08146883942795842
8354,0.0008637557179661524
8355,0.003252780843976227
8356,0.0038397663655132083
8357,0.00020655454122784934
8358,0.0015088047044119867
8359,0.0020276224424618386
8360,0.0025468828986791254
8361,0.005081818567768025
8362,0.00012261690451077024
8363,0.0009542344589275325
8364,0.0006300029390228196
8365,0.0011996514825110605
8366,0.00240970448329496
8367,0.0008401201483510414
8368,0.0009668400712686856
8369,0.00017046830059248882
8370,0.0004634015508676335
8371,0.0036802837097626843
8372,0.034461829078083595
8373,0.009263815056560374
8374,0.013400433840417444
8375,0.001494339716766387
8376,0.007949155007694112
8377,0.0026513247954153885
8378,0.22475610979479482
8379,0.00043575230748107925
8380,0.0008592827657788566
8381,0.0008713702803806877
8382,0.001180856505969097
8383,0.0005491416524249315
8384,0.00017204718781268504
8385,0.0028714753846307206
8386,0.00030158323300284165
8387,0.04504085512832157
8388,0.0002748957434891644
8389,0.0026894370641498753
8390,0.005151211160643984
8391,0.0006320847709415598
8392,0.002960014495834329
8393,0.23719376318429722
8394,0.006219714264706776
8395,0.013482731161431179
8396,0.002624614869356843
8397,0.0020431143933448896
8398,0.0010292385116725444
8399,0.001567980520202316
8400,0.0013256850032879275
8401,0.00010276094060164908
8402,0.0005835807170090358
8403,0.00025335516204744277
8404,0.0006866186649979017
8405,0.005834326186921081
8406,0.00400384667783742
8407,0.001505740098060874
8408,0.0008060152678384292
8409,0.00023816540978379458
8410,0.0005055113122957655
8411,0.00042436887648601864
8412,0.0005300783870170584
8413,0.0006934938904801906
8414,0.0011008268781629996
8415,0.0009239075634977915
8416,0.012051520197640393
8417,0.0013760031018224636
8418,0.0009007198606311537
8419,0.003260676551087099
8420,0.0014591402639025433
8421,0.004070737717845461
8422,0.0009780658854636282
8423,0.0026036988406259107
8424,0.0043807466631616285
8425,0.00038542891559301357
8426,0.033240371469530294
8427,0.007007789274375321
8428,0.0005564915999548932
8429,0.003416159598268903
8430,0.007959408803333358
8431,0.0011757358259108465
8432,0.011528525797635868
8433,0.001268446822723064
8434,0.002460136698065912
8435,0.0001648184148430164
8436,1.130407957653737
8437,0.0007169935243675577
8438,0.00037174159379857994
8439,0.0036168012303057387
8440,0.002617151787958997
8441,0.0015510107970237651
8442,0.0006661437528723054
8443,0.005625970763398104
8444,0.0008690099312363587
8445,0.0008706443352342185
8446,0.0026929130882424423
8447,0.0003676587162103681
8448,0.0006638850003273317
8449,0.0002741201680220344
8450,0.0017596719098201994
8451,0.0004137844238464536
8452,0.0002732776488424637
8453,0.000511306338924897
8454,0.0013382228467595989
8455,0.0013664105727197139
8456,0.0002442724938949066
8457,0.004882378326717967
8458,0.0076798984287494735
8459,0.007066123697570837
8460,0.009227552745709746
8461,0.0016084225766970874
8462,0.00012809532497132863
8463,0.0007417933212369934
8464,0.0009991415739219569
8465,0.002607310653582618
8466,0.0020790688432845827
8467,0.016484817725905637
8468,0.00013102646291695934
8469,0.004822082508947919
8470,0.0016779100515034392
8471,0.001569173956959704
8472,0.0015763526099748656
8473,0.006392462450309673
8474,0.00037684277012429854
8475,0.0054693857786767604
8476,0.019877454714096476
8477,0.0038880347554863096
8478,0.0008250256904977347
8479,0.0007462623658769611
8480,0.0005298765692534741
8481,0.000384631050447386
8482,0.0005813677797233081
8483,0.0003332831715298525
8484,0.0022090242353415175
8485,0.002639943916179074
8486,0.0003264227504746464
8487,0.00434674999864104
8488,0.004375572193716443
8489,0.0002477508751938137
8490,0.0008671322359573209
8491,0.001653837576360112
8492,0.0005136379911925103
8493,0.0008997157488342002
8494,0.0014871544538083783
8495,0.0004646909113919079
8496,0.00047139711638809445
8497,0.0006655704835651261
8498,0.0013942325472824824
8499,0.0029836834147359695
8500,0.002752081018779952
8501,0.0005942374977504139
8502,0.002387468088738274
8503,0.0015765284366978517
8504,0.0026581708981685557
8505,0.014449482566143146
8506,0.0010091312509943715
8507,0.004965338057938174
8508,0.0006878864574397742
8509,0.0003662916594287296
8510,0.0006278770439313878
8511,0.0005757027892882297
8512,0.019123872655338534
8513,0.0016393110846627463
8514,0.0030885598088054187
8515,0.00023174934631606887
8516,0.0006107566048919953
8517,0.00045006172217739224
8518,0.0002499150255508547
8519,0.000379564934029829
8520,0.00041046274308906077
8521,0.0007958710193101948
8522,0.004001631172397111
8523,0.0033603796344828
8524,0.0006390581997549752
8525,0.00046489734127676046
8526,0.01916208000883662
8527,0.0016443309101091784
8528,0.0019641315867974913
8529,0.006063139878485779
8530,0.00040875619470040595
8531,0.003986281252814971
8532,5.5196604143278534e-05
8533,0.04432719496198502
8534,0.00035016868101210547
8535,0.0021431748625772165
8536,0.0014642311765361152
8537,0.0009736318411015555
8538,0.0006071423476559763
8539,0.039264416372639936
8540,0.0018342256546890789
8541,0.0002651392622762092
8542,0.0011384474185695168
8543,0.0003950761344415154
8544,0.0006847619968969129
8545,0.002962819922893406
8546,0.0003832126549382473
8547,0.00455691507808404
8548,0.0005888911749541176
8549,0.0012974849757604267
8550,0.0008752740417822119
8551,0.002197016982337189
8552,0.006589117946406025
8553,0.00432659562341523
8554,0.0021429261174807424
8555,0.0007788567168176054
8556,0.0004539748684545452
8557,0.0003009309993659223
8558,0.00012338346367830167
8559,0.03847238350025688
8560,0.012867322853486312
8561,0.001251968797639669
8562,0.0007304619529213766
8563,0.00044193065291003663
8564,0.0005257383543989986
8565,0.0002713388838917559
8566,0.0006236444052320045
8567,0.00047742538547043814
8568,0.0004706472930520968
8569,0.001094764201950533
8570,0.004190451167832981
8571,0.00028787579670934123
8572,0.02157336968069662
8573,0.002370069212862863
8574,0.004816933911191804
8575,0.0015644053799169619
8576,0.0015030543961365174
8577,0.0037681754032908737
8578,0.004192788049235283
8579,0.004764734580664587
8580,0.0015849656017567415
8581,0.00011998732921033758
8582,0.024663984288022904
8583,0.007098587904351539
8584,0.0002178423600584226
8585,0.006875576237676845
8586,0.0007047108307567884
8587,0.009517617100791485
8588,0.0006351460189101509
8589,0.00039823081102632917
8590,0.00036736784557366887
8591,0.0006095182835687081
8592,0.0006102667148393051
8593,0.01341592568979684
8594,0.00018362896775502534
8595,0.0035186884291937754
8596,0.0010028016802681094
8597,0.0002763826363307569
8598,0.0007232150475917098
8599,0.004638483690749715
8600,0.00016973365128908254
8601,0.000563606620399227
8602,0.0004800832335836322
8603,0.0007709835034697991
8604,0.00021116744730775136
8605,0.00020638475386657382
8606,0.0005516473914253189
8607,0.08885706343407743
8608,0.00012029523758989182
8609,0.006457448664281099
8610,0.0005655992506749116
8611,0.0004296849095410634
8612,9.15273891917527e-05
8613,0.006659549310953074
8614,0.0018209965080925091
8615,0.0024291444779795095
8616,0.0007047195247044519
8617,0.006221869039641823
8618,0.003970949777429622
8619,0.00043268580702096073
8620,0.0018706040916145357
8621,0.005450850235507892
8622,0.0006686293856383828
8623,0.0006481583290748587
8624,0.007233269349845011
8625,0.0013462165187279349
8626,0.00038948653988672786
8627,0.0002875565278212891
8628,0.012050792634952059
8629,0.07469048229642036
8630,0.0008113758318795504
8631,0.001109559976045903
8632,0.001583223044479864
8633,0.0010870628043653423
8634,0.00035848903252480146
8635,0.0011627537514942252
8636,0.0007705060866344072
8637,0.001920945205064753
8638,0.0015519924391662761
8639,0.00038698189771570505
8640,0.00014550485138903452
8641,0.0027993837855157504
8642,0.00032662199287304824
8643,0.0042344886696631424
8644,0.0003050322562514553
8645,0.000483789426436897
8646,0.0021400565488766937
8647,0.0003046236591566505
8648,0.0005722172677087864
8649,0.0010656405988792427
8650,0.0015189801737678882
8651,0.3868777357142593
8652,0.0001312408292319754
8653,0.00016856789073022545
8654,0.0007251847406130138
8655,0.0008446448573803594
8656,0.005030433218310674
8657,0.0018320708737438439
8658,0.005080079513007132
8659,0.002241736519033618
8660,0.002649023751219524
8661,0.09759458810659678
8662,0.0002751919423954881
8663,0.00085795398495871
8664,0.00033267825972046106
8665,0.005730810454141017
8666,0.0031487007798879077
8667,0.0062297871696662946
8668,0.00019832439354845331
8669,0.022180387937204334
8670,0.001180192594289582
8671,0.000940573938188166
8672,0.002390570710103052
8673,0.0006160164407684851
8674,0.026504065982589402
8675,0.0004181854466828756
8676,0.00026388055164742167
8677,0.008370023112647246
8678,0.0032002522527161213
8679,0.0003379733221081069
8680,0.0003543208282731954
8681,0.0027240807790241675
8682,0.0003362233621116669
8683,0.017020309757489145
8684,0.006816226187284512
8685,0.0019980108584947915
8686,0.0002534267472202669
8687,0.0009451704911746555
8688,0.0006319549702533537
8689,0.0004882667905184745
8690,0.0005099720965007283
8691,0.000241776250173421
8692,0.010552082282221197
8693,0.0030047118217748853
8694,0.0004933548960795363
8695,0.030919220238370577
8696,0.019735958926331062
8697,0.00035337288205558294
8698,0.005233153867828728
8699,0.0032195852190979586
8700,0.000742185462679195
8701,0.0009762342294922241
8702,0.004320261011289983
8703,0.025282701130154645
8704,0.000389081598531478
8705,0.0011134788360942255
8706,0.0006679869451407308
8707,0.039193553476471736
8708,0.0007035302891297093
8709,0.002498422534279097
8710,0.017442676791968644
8711,0.00032697595376152724
8712,0.0008422802656122848
8713,0.006452214898895051
8714,0.0014327296679781758
8715,0.0006723109998501682
8716,0.010589715948445216
8717,0.001069320698137738
8718,0.00033992579516173743
8719,0.010234940343663318
8720,0.00024130916802939028
8721,0.0003268848930684771
8722,0.001813540437346303
8723,0.0012240184121052628
8724,0.0002833941460323538
8725,0.0018029410103972004
8726,0.0008675448976324738
8727,0.0001341706935925531
8728,0.0017469688372409873
8729,0.0005359565399861745
8730,0.0001486552561440795
8731,0.0027867736618597083
8732,0.006271464403132283
8733,0.005216436801615912
8734,0.00028080937915404147
8735,0.005549445072837957
8736,0.0012526755934530254
8737,0.0012681489987083124
8738,0.0022057138303416823
8739,0.0007866070773466672
8740,0.00029899180664670784
8741,0.00034174434120216087
8742,0.00040154236491698103
8743,0.09139785028022691
8744,0.0007194980172430677
8745,0.004250400046218773
8746,0.0006487824574293641
8747,0.002167974570209038
8748,0.0001167154430582079
8749,0.008320667058011457
8750,0.0006861923515172736
8751,0.0013603569435587453
8752,0.0023665682201690335
8753,0.0001467070662392423
8754,0.001794675443195918
8755,0.0005876825864430952
8756,0.006477815510737134
8757,0.0011253978663719206
8758,0.0003247629302500273
8759,0.008065991815636053
8760,0.00189540642806099
8761,0.014872129719497511
8762,0.003150689580734497
8763,0.0012650125662844686
8764,0.0007316831086375591
8765,0.00010754150000952873
8766,0.0037617122079416747
8767,0.0018108047881614019
8768,0.0020167405096984665
8769,0.0023209169455032357
8770,0.0009381184588232056
8771,0.0023829121148958446
8772,0.05242930548818037
8773,0.0749304670428955
8774,0.0007511976731136186
8775,0.0003240375605988734
8776,0.0003890788542576696
8777,0.006083041369418241
8778,8.247108113333826e-05
8779,0.0008167277665819598
8780,0.002084090731556906
8781,0.0008326506057335112
8782,0.0004912891990621669
8783,0.002109875998487578
8784,8.824356350336257e-05
8785,0.0014629480601233153
8786,0.00016939494260971124
8787,0.010915177844256897
8788,0.0028149796258886447
8789,0.0012466335270698455
8790,0.003313501631102152
8791,0.008956217570623325
8792,0.002175564872125574
8793,0.00017640273179020415
8794,0.00016965549795257273
8795,0.004425159051180713
8796,0.00029238343591108236
8797,0.0005503567879118855
8798,0.0018410156810977703
8799,0.00024176577886686465
8800,0.005208773730334537
8801,0.002685217488881589
8802,0.0011611582845642442
8803,0.001194905478621789
8804,0.0011193683601813033
8805,0.015451563549620306
8806,0.00011975975594384481
8807,0.0009943926416566059
8808,0.0005846911942353
8809,0.00038758206661158526
8810,0.0011162969965077178
8811,0.00028972898597821997
8812,0.01840633851844195
8813,0.0015006873091707516
8814,0.001348210427917641
8815,0.005652101043754335
8816,0.0036011197904701185
8817,0.022788034859039172
8818,0.011639422896137662
8819,0.1390476848783241
8820,0.0021681653414371495
8821,0.0012663111951748372
8822,0.00076490608267224
8823,0.003393698031041109
8824,0.0067241826197201055
8825,0.001252063660598921
8826,0.0006813584423323901
8827,0.0014033542023304418
8828,0.026843093731611138
8829,0.01762520680397384
8830,0.017614706360593087
8831,0.0004572903291020802
8832,0.0008384488109027327
8833,0.006162238523437757
8834,0.02872263322176368
8835,0.00016198700401397775
8836,0.0004517278410988135
8837,0.0004638544163175645
8838,0.0002561839243169046
8839,0.0003482095049872049
8840,0.0035556676570995217
8841,0.0012485854567753252
8842,0.002998835101605199
8843,0.0027647808721232496
8844,0.00276847457947148
8845,0.00037767669389969966
8846,0.0032810424677417018
8847,0.00022136200268397475
8848,0.006389185158488097
8849,0.000836954385694389
8850,0.0004301282115830567
8851,0.020336276921413772
8852,0.0001283230043398835
8853,0.003451472854638767
8854,0.0001847033173581553
8855,0.025146184570577303
8856,0.0028021376904334965
8857,0.002174847427813775
8858,0.00046567155293681474
8859,0.018086392631363652
8860,0.0014606420458470552
8861,0.021141350097758724
8862,0.001226191076916607
8863,0.005349008775807325
8864,0.051263489688093744
8865,0.00057635913956899
8866,0.00038775952535862634
8867,0.001987593451041635
8868,0.0002650628460126947
8869,0.0008880330855718493
8870,0.001671777238978866
8871,0.0012933346268227484
8872,0.005916565368371264
8873,2.928032128988464
8874,0.0024894513330213754
8875,0.002536374682870804
8876,0.0011483672012027296
8877,0.00033075598605066306
8878,0.001169474136969517
8879,0.0010659463580016532
8880,0.00035277085024733106
8881,0.0020981775749713202
8882,0.002700935218533355
8883,0.0006090382805422242
8884,0.000869955632933872
8885,0.001772983585684355
8886,0.019424895460199272
8887,0.0027700720252519725
8888,0.0007407928294874476
8889,0.0005959723729401187
8890,0.0007371990557675337
8891,0.0019218241435573222
8892,0.0008770580997873683
8893,0.0030631693891001177
8894,0.042301591489110064
8895,0.0014428926920961708
8896,0.0005597706983165701
8897,0.005811316430396607
8898,0.0005707980228961793
8899,0.000281888280849504
8900,0.0005775894056731521
8901,0.0012600235496461457
8902,0.0029191878071916657
8903,0.0032077589004203978
8904,0.003913913958132358
8905,0.00030517857313206543
8906,0.002619197966784219
8907,0.003319956050650173
8908,0.0005213646725029574
8909,0.0064333515604995005
8910,0.00022006596977820712
8911,0.0011043649342389746
8912,0.0014605820076812142
8913,0.003119015210250443
8914,0.0007146710013477724
8915,0.004014978603040567
8916,0.0018006009223002855
8917,0.000837307965827115
8918,0.000364398794490691
8919,0.00041466572226645757
8920,0.00031264902677131766
8921,0.04905167007634044
8922,0.0035308280411380398
8923,0.0006175604611305048
8924,0.0008740396956158466
8925,0.0024529546912922455
8926,0.0007469429107375604
8927,0.0006486695333056388
8928,0.004605528808751463
8929,0.004911498652726899
8930,0.002126434151912307
8931,0.0031536301395393694
8932,0.003171136968892658
8933,0.1429866511483029
8934,0.00253797387600314
8935,0.007463158849927375
8936,0.0018580708815151108
8937,0.00016173839494739136
8938,0.001954814881051319
8939,0.004752734084271908
8940,8.864680664041485e-05
8941,0.0003679758760332476
8942,0.004354920573685237
8943,0.036010796853040594
8944,0.011641941447951479
8945,0.003748078328909171
8946,0.0010238113689024987
8947,0.0023628851031319113
8948,0.027328574018255773
8949,0.007999834761179983
8950,0.00035972012258589484
8951,0.00199828509044245
8952,0.001847152672361543
8953,0.006603782770640942
8954,0.0021746688657109953
8955,0.011460590512524292
8956,0.00208699957929124
8957,0.002317223134664782
8958,0.031188019441318493
8959,0.004249932755535611
8960,0.00042072547355202403
8961,0.0003234960294920792
8962,0.0003891765960212252
8963,0.002235614612669073
8964,0.0008824020382928718
8965,0.020931142207229737
8966,0.003089013156302547
8967,0.009258114159966167
8968,0.002474653261036795
8969,0.017434754825792743
8970,0.0013055838278876839
8971,0.000301481267975113
8972,0.00037917006829490783
8973,0.002801929737590082
8974,0.01454641350450286
8975,0.0011487531838717984
8976,0.0005509068060567115
8977,0.0013948344417489271
8978,0.3786060841351841
8979,0.0009773343790897802
8980,0.009506855356976991
8981,0.004587382331261543
8982,0.0008647168163831351
8983,0.0009306141870316404
8984,0.0009539043020862796
8985,0.0015626315187297984
8986,0.0002338818929473661
8987,0.0005897251999368583
8988,0.003921826529729965
8989,0.002669231451383971
8990,0.0011025172779413714
8991,0.000242618300454125
8992,0.00019319037152704547
8993,0.00968271037055295
8994,0.001645619874180142
8995,9.275978157284748e-05
8996,0.0005172347020945356
8997,0.0004917583239688097
8998,0.0033788934404966075
8999,0.0031175432966758527
9000,0.015315420064027986
9001,99.96165968164401
9002,99.98904084661703
9003,99.99089333379017
9004,99.96562354849074
9005,99.97219702960041
9006,99.98840711531848
9007,99.93686222036466
9008,99.98840796677807
9009,99.97910040049311
9010,99.9509023906502
9011,99.97634670732471
9012,99.9631240426931
9013,99.96484673695475
9014,99.97644469400196
9015,99.97616698639531
9016,99.98626749300551
9017,99.98093614026592
9018,99.97768658938621
9019,99.97565869364831
9020,99.9856023135991
9021,99.90119898663232
9022,99.98136387810383
9023,99.98974755448586
9024,99.97907889946089
9025,99.99071591695939
9026,99.95365099108201
9027,99.91096989768947
9028,99.9925904138228
9029,99.96296063299775
9030,99.91907272069082
9031,99.9644037180697
9032,99.9638598445866
9033,99.99277726937682
9034,99.98938197745117
9035,99.9671243155861
9036,99.98512680739655
9037,99.97713206833932
9038,99.9905941634085
9039,99.94489486665778
9040,99.95670737879485
9041,99.99066574568042
9042,99.9884828258143
9043,99.94837195209986
9044,99.9867922731061
9045,99.97190934900915
9046,99.98514427786846
9047,99.92310871217005
9048,99.96324816768586
9049,99.99420219430452
9050,99.9622492394774
9051,99.9541059008173
9052,99.97290772469476
9053,99.96445373121148
9054,99.98695448360408
9055,99.9764608023366
9056,99.98615773069295
9057,99.9295070964546
9058,99.98751697043666
9059,99.91162063709471
9060,99.96388708040159
9061,99.99192611753908
9062,99.99094386318937
9063,99.94776779678163
9064,99.99100785450462
9065,99.96881854981895
9066,99.94980527599769
9067,99.87322677905354
9068,99.96774575486894
9069,99.96689849610684
9070,99.97032127185884
9071,99.98089018574503
9072,99.95369427496178
9073,99.99148462000689
9074,99.98979095270798
9075,99.98700751578583
9076,99.9469310903699
9077,99.8893250418742
9078,99.88411182591317
9079,99.99178157349088
9080,99.94356406617287
9081,99.95109141637886
